Code Colour,Code number,Names,Qty,Publisher,Author,Language,類別
Blue,AC0001,我對生命無悔,1,循道衛理書室,吳思源編,中文,信仰個人成長
Blue,AC0002,愛的默念,1,生命流出版社,生命流出版社,中文,信仰個人成長
Blue,AC0003,展望將來,1,天道書樓有限公司,屁武圻,中文,信仰個人成長
Blue,AC0004,荒漠行,1,突破出版社,余達心,中文,信仰個人成長
Blue,AC0005,總愛言愛,1,基道書樓,畢華樓著,中文,信仰個人成長
Blue,AC0006,訴,1,香港公教真理學會,Joan Hutson,中文,信仰個人成長
Blue,AC0007,醫生札記,2,突破出版社,翔著,中文,信仰個人成長
Blue,AC0008,情濃訓導室,1,突破出版社,龐念安,中文,信仰個人成長
Blue,AC0009,情非意外,1,突破出版社,方華,中文,信仰個人成長
Blue,AC0010,愛情說故事,1,突破出版社,陳寶珍、胡燕青等,中文,信仰個人成長
Blue,AC0011,我不雌伏,1,突破出版社,草雪,中文,信仰個人成長
Blue,AC0012,她與他,2,突破出版社,何佩雲著,中文,信仰個人成長
Blue,AC0013,意念與真情,1,突破出版社,文潔華,中文,信仰個人成長
Blue,AC0014,蘇恩佩文集 第二冊,1,突破出版社,蘇恩佩,中文,信仰個人成長
Blue,AC0015,蘇恩佩文集 第一冊,1,突破出版社,蘇恩佩,中文,信仰個人成長
Blue,AC0016,杏林子作品選集,1,宣道出版社,杏林子,中文,信仰個人成長
Blue,AC0017,杏林隨筆,1,突破出版社,賢 著,中文,信仰個人成長
Blue,AC0018,如何活出健康的人生,1,以琳書房,史多美．奧瑪森,中文,信仰個人成長
Blue,AC0019,寫意人間,1,宣道出版社,欣靈著,中文,信仰個人成長
Blue,AC0020,清心直說,1,基道書樓有限公司,李清詞著,中文,信仰個人成長
Blue,AC0021,知心話,1,基督教文藝出版社,余卓雄著,中文,信仰個人成長
Blue,AC0022,你為何要信,3,福音證主協會,李德爾夫婦,中文,信仰個人成長
Blue,AC0023,與眾不同,1,天道書樓有限公司,施曉全著 廖寅顯譯,中文,信仰個人成長
Blue,AC0024,活祭,2,證道出版社,金候華,中文,信仰個人成長
Blue,AC0025,由初信到成長,1,宣道出版社,陳終道著,中文,信仰個人成長
Blue,AC0026,為甚麼我不敢愛？,1,道聲出版社,包約翰  ,中文,信仰個人成長
Blue,AC0027,遊戲無限101個創意遊戲,1,學生福音團契出版社,王詠詩 、郭燕玲,中文,信仰個人成長
Blue,AC0028,福音與文化,2,宣道出版社,盧家馼、梁樹榮,中文,信仰個人成長
Blue,AC0029,人生小語,1,甘霖出版社,桑安柱,中文,信仰個人成長
Blue,AC0030,那從天上來的異象,1,宣道出版社,滕近輝 ,中文,信仰個人成長
Blue,AC0031,人生豐年,1,基督徒閱覽室,杜柏葳,中文,信仰個人成長
Blue,AC0032,自殺少年事件簿,1,更新資源(香港)有限公司,楊牧谷原作,中文,信仰個人成長
Blue,AC0033,優美的人生,1,宣道出版社,吳廼恭著,中文,信仰個人成長
Blue,AC0034,工人的生活,2,福音證主協會,麥希真,中文,信仰個人成長
Blue,AC0035,工人的配搭,1,福音證主協會,麥希真,中文,信仰個人成長
Blue,AC0036,工人的指標,1,福音證主協會,麥希真,中文,信仰個人成長
Blue,AC0037,工人的輔導,2,福音證主協會,麥希真,中文,信仰個人成長
Blue,AC0038,工人的成長,1,福音證主協會,麥希真,中文,信仰個人成長
Blue,AC0039,工人的領人歸主,2,福音證主協會,麥希真,中文,信仰個人成長
Blue,AC0040,工人的典範,1,福音證主協會,麥希真,中文,信仰個人成長
Blue,AC0041,基督精兵,1,證道出版社,珍威爾遜著 林治生譯,中文,信仰個人成長
Blue,AC0042,順服與自由,2,角聲出版社,載瑪莎著 胡麗萍譯,中文,信仰個人成長
Blue,AC0043,可喜悅的祭,2,福音證主協會,盧家馼著,中文,信仰個人成長
Blue,AC0044,從軍樂,1,校園書房出版社,陳濟民等著,中文,信仰個人成長
Blue,AC0045,是我嗎,1,宣道出版社,滌然,中文,信仰個人成長
Blue,AC0046,謹防魔鬼的詭計,1,晨星出版社,王明道著,中文,信仰個人成長
Blue,AC0047,委身-生命的挑戰,1,福音證主協會,蘇穎睿、蘇劉君玉著,中文,信仰個人成長
Blue,AC0048,委身-生命的再造,1,福音證主協會,蘇穎睿、蘇劉君玉著,中文,信仰個人成長
Blue,AC0049,愛恨中國人,1,卓越書樓,溫偉耀著,中文,信仰個人成長
Blue,AC0050,鑰匙兒 – 關懷、督責與鼓勵,1,校園書房出版社,黃清一,中文,信仰個人成長
Blue,AC0051,彼此服事,1,福音證主協會,蓋時珍著 朱崇儀譯,中文,信仰個人成長
Blue,AC0052,全面的事奉,1,證道出版社,司布真著 邵慶彰譯,中文,信仰個人成長
Blue,AC0053,聖徒的爭戰,1,拾珍基金,慕迪著,中文,信仰個人成長
Blue,AC0054,主在你生命中的計劃,1,種籽出版社,葛雷‧米達著 ,中文,信仰個人成長
Blue,AC0055,簡樸生活真諦,1,學生福音團契出版社,傅士德著,中文,信仰個人成長
Blue,AC0056,今天的恩典,1,福音證主協會,艾鍾妮著‧小熊譯,中文,信仰個人成長
Blue,AC0057,寫給受苦的聖徒,1,晨星書屋,王明道著,中文,信仰個人成長
Blue,AC0058,寫給青年的基督徒,1,頌恩出版社,王明道著,中文,信仰個人成長
Blue,AC0059,領導者的剖析,1,以琳書房,柯渥,中文,信仰個人成長
Blue,AC0060,時代的信息,1,宣道出版社,王明道著,中文,信仰個人成長
Blue,AC0061,茁苗,2,天道書樓有限公司,盧宏博,中文,信仰個人成長
Blue,AC0062,奮興集,1,晨星出版社,宋尚節,中文,信仰個人成長
Blue,AC0063,福音性研經,1,學生福音團契出版社,蘇穎睿、蘇劉君玉著,中文,信仰個人成長
Blue,AC0064,誠實．道德．良心,1,浸信會出版社,韋智理  ,中文,信仰個人成長
Blue,AC0065,聖經的故事,1,海天書樓,房龍著 林牧野譯,中文,信仰個人成長
Blue,AC0066,要道瑣談,1,喜樂福音堂,胡恩德,中文,信仰個人成長
Blue,AC0067,神啊﹗為甚麼？,1,天道書樓有限公司,畢布爾,中文,信仰個人成長
Blue,AC0068,輕輕鬆鬆認識祂,1,財團法人基督教宇宙光全人關懷機構,塔德．唐波,中文,信仰個人成長
Blue,AC0069,永生的真神,1,聖經印贈會,,中文,信仰個人成長
Blue,AC0070,耶穌的生活和教訓,2,基督教文藝出版社,施肇亞著、何希仁 許甦吾譯,中文,信仰個人成長
Blue,AC0071,你們心持兩意到幾時呢？,2,宣道出版社,王明道著,中文,信仰個人成長
Blue,AC0072,人能建設天國麼,1,宣道出版社,王明道著,中文,信仰個人成長
Blue,AC0073,信徒鍼砭,2,晨星出版社,王明道著,中文,信仰個人成長
Blue,AC0074,奉主的名作証,1,香港歸主運動,查肯尼博士,中文,信仰個人成長
Blue,AC0075,逃避的世界,1,種籽出版社,甘邁高著 祖文銳譯,中文,信仰個人成長
Blue,AC0076,檢討你的管家職份,2,浸信會出版社,,中文,信仰個人成長
Blue,AC0077,標竿人生,1,基督使者協會,華理克,中文,信仰個人成長
Blue,AC0078,職場大使命,1,天道書樓有限公司,皮爾、拉里莫爾,中文,信仰個人成長
Blue,AC0079,性格重整之類,1,學生福音團契出版社,蘇穎智,中文,信仰個人成長
Blue,AC0080,價值觀重整之旅,1,學生福音團契出版社,蘇穎智,中文,信仰個人成長
Blue,AC0081,生死男女,1,突破出版社,羅秉祥,中文,信仰個人成長
Blue,AC0082,復活、重建與香港前途,1,突破出版社,楊牧谷,中文,信仰個人成長
Blue,AC0083,相繫深深,1,基督出版社,楊牧谷,中文,信仰個人成長
Blue,AC0084,基督徒人生探索,1,大梯出版社,郭超斌,中文,信仰個人成長
Blue,AC0085,真理的裝備,1,天道書樓有限公司,鮑會園,中文,信仰個人成長
Blue,AC0086,尋愛眾生,1,校園書房出版社,楊牧谷,中文,信仰個人成長
Blue,AC0087,活出有愛的生命,1,基道出版社,盧雲,中文,信仰個人成長
Blue,AC0088,少年行,1,新雅文化事業有限公司,林孟平著,中文,信仰個人成長
Blue,AC0089,金錢不能買的幾樣東西,1,宣道出版社,王明道著,中文,信仰個人成長
Blue,AC0090,基督徒的言語,2,晨星出版社,王明道著,中文,信仰個人成長
Blue,AC0091,基本信仰與超凡生命,1,更新資源(香港)有限公司,楊牧谷,中文,信仰個人成長
Blue,AC0092,神與我同泣 – 悲傷者的力量和盼望,1,浸信會出版社,明雅各著 任炎林譯,中文,信仰個人成長
Blue,AC0093,未止的心靈,1,基督教卓越使團,文潔華,中文,信仰個人成長
Blue,AC0094,追求卓越,1,宣道出版社,殷思重著,中文,信仰個人成長
Blue,AC0095,基督的信徒,1,中國教會研究中心出版,,中文,信仰個人成長
Blue,AC0096,不再幼稚,1,天道書樓有限公司,施大衛著 朱麗文譯,中文,信仰個人成長
Blue,AC0097,屬靈的氣質,1,天道書樓有限公司,黎曦庭,中文,信仰個人成長
Blue,AC0098,做個都市快活人,1,卓越書樓,許開明,中文,信仰個人成長
Blue,AC0099,基督徒處世藝術,1,種籽出版社,黎登奧著 中天譯,中文,信仰個人成長
Blue,AC0100,怒火中燒，怎辦？,1,天道書樓有限公司,華棣斯著 譚天祐譯,中文,信仰個人成長
Blue,AC0101,活的信仰,1,浸信會出版社,施達雄,中文,信仰個人成長
Blue,AC0102,死亡別狂傲,1,突破出版社,蘇恩佩,中文,信仰個人成長
Blue,AC0103,作主精兵,1,晨星出版社,王明道著,中文,信仰個人成長
Blue,AC0104,得勝生活要訣,1,福音證主協會,康約翰著 容保羅譯,中文,信仰個人成長
Blue,AC0105,人到中年,1,浸信會出版社,韋智理和太太,中文,信仰個人成長
Blue,AC0106,靜屋心語,1,道聲出版社,潘馨司屈朗,中文,信仰個人成長
Blue,AC0107,朝向目標直跑,1,宣道出版社,胡恩德,中文,信仰個人成長
Blue,AC0108,讀書這玩意兒,1,更新資源(香港)有限公司,楊牧谷,中文,信仰個人成長
Blue,AC0109,心意更新,1,福音證主協會,麥哥登著,中文,信仰個人成長
Blue,AC0110,團契生活,1,基督教文藝出版社,潘霍華,中文,信仰個人成長
Blue,AC0111,不可錯過的耶穌,1,校園書房出版社,陸艾達著 吳品譯,中文,信仰個人成長
Blue,AC0112,追隨基督,1,道聲出版社,潘霍華,中文,信仰個人成長
Blue,AC0113,憑誰意行？,1,基道出版社,梁家麟著,中文,信仰個人成長
Blue,AC0114,成聖面面觀,1,天道書樓有限公司,巴斯特著 天道書樓譯,中文,信仰個人成長
Blue,AC0115,學生時代的指標,1,種籽出版社,黃耀銓,中文,信仰個人成長
Blue,AC0116,荒谷百合,1,The Alliance Bible Seminary Student Evangelistic Band,The Alliance Bible Seminary Student Evangelistic Band,中文,信仰個人成長
Blue,AC0117,點舌成金- 口舌的智慧,1,以琳書房,喬依絲．邁爾,中文,信仰個人成長
Blue,AC0118,給我一個支點,1,突破出版社,吳思源、許立中著,中文,信仰個人成長
Blue,AC0119,天路歷程,1,道聲出版社,本仁約翰,中文,信仰個人成長
Blue,AC0120,做人真艱難,1,卓越書樓,楊牧谷,中文,信仰個人成長
Blue,AC0121,翻天覆地一使徒,2,海天書樓出版社,鮑樂基,中文,信仰個人成長
Blue,AC0122,無語問上帝,1,校園書房出版社,楊腓力 ,中文,信仰個人成長
Blue,AC0123,生命總有傷痛時,1,校園書房出版社,楊腓力著 徐成德譯,中文,信仰個人成長
Blue,AC0124,信心探原,1,校園書房出版社,魏德凱,中文,信仰個人成長
Blue,AC0125,只誇基督十架,1,美國活泉出版社,鍾馬田著 鍾越娜譯,中文,信仰個人成長
Blue,AC0126,天堂村,1,財團法人基督教宇宙光全人關懷機構,辛西亞．勞倫特,中文,信仰個人成長
Blue,AC0127,排隊上天堂的77招,1,校園書房出版社,費伯里著 徐中緒譯,中文,信仰個人成長
Blue,AC0128,敬虔的操練,1,宣道出版社,畢哲思,中文,信仰個人成長
Blue,AC0129,成長人生,2,道聲出版社,夏忠堅,中文,信仰個人成長
Blue,AC0130,認識神,1,福音證主協會,巴刻,中文,信仰個人成長
Blue,AC0131,智慧人生,1,福音證主協會,蘇穎智,中文,信仰個人成長
Blue,AC0132,向書中之書聖經學習 - 理財智慧,2,海天書樓,L. 栢康德,中文,信仰個人成長
Blue,AC0133,基督徒須知,1,宣道出版社,巴刻,中文,信仰個人成長
Blue,AC0134,都市裡的基督徒,1,華神出版社,雷蒙貝克,中文,信仰個人成長
Blue,AC0135,輕重不分,1,福音證主協會,韋丹拿,中文,信仰個人成長
Blue,AC0136,尋覓眾生,1,校園書房出版社,楊牧谷,中文,信仰個人成長
Blue,AC0137,突破科技文化感染力,1,天道書樓有限公司,劉帝傑,中文,信仰個人成長
Blue,AC0138,新領袖DNA,1,突破出版社,梁永泰,中文,信仰個人成長
Blue,AC0139,逃避試探,4,中國學園傳道會出版部,尼爾.安德生,中文,信仰個人成長
Blue,AC0140,勝過黑暗,1,中國學園傳道會出版部,尼爾.安德生,中文,信仰個人成長
Blue,AC0141,饒恕原理,1,校園書房出版社,柯恩德,中文,信仰個人成長
Blue,AC0142,我的鄰居叫耶穌,1,校園書房出版社,路卡杜,中文,信仰個人成長
Blue,AC0143,信仰傷腦筋,1,校園書房出版社,南奈奈美,中文,信仰個人成長
Blue,AC0144,信仰邊看邊學,3,校園書房出版社,佐藤彰,中文,信仰個人成長
Blue,AC0145,信仰好看好懂,1,校園書房出版社,佐藤彰,中文,信仰個人成長
Blue,AC0146,神聖的渴望,1,校園書房出版社,艾傑奇,中文,信仰個人成長
Blue,AC0147,效法基督,2,晨星出版社,金碧士,中文,信仰個人成長
Blue,AC0148,漫畫聖經之謎,1,台灣光智出版,秋澤公二,中文,信仰個人成長
Blue,AC0149,行在水面上,1,校園書房出版社,奧伯格,中文,信仰個人成長
Blue,AC0150,活著就是基督,1,校園書房出版社,思斯‧穆爾,中文,信仰個人成長
Blue,AC0151,以愛相繫,1,證道出版社,史德門,中文,信仰個人成長
Blue,AC0152,全世界聽你說故事,1,突破出版社,夏文博,中文,信仰個人成長
Blue,AC0153,複製--神蹟或危險,1,天道書樓有限公司,夏菲尼、雷斯特,中文,信仰個人成長
Blue,AC0154,基督徒的社會責任,1,天道書樓有限公司,韋理,中文,信仰個人成長
Blue,AC0155,認識聖經七步曲,2,沙田浸信會-出版部,梁廷益,中文,信仰個人成長
Blue,AC0156,邁向成功的跳板,1,中國學園傳道會出版部,約翰．麥斯威爾,中文,信仰個人成長
Blue,AC0157,饒恕就是釋放,1,天道書樓有限公司,陳國偉,中文,信仰個人成長
Blue,AC0158,屬靈領導的藝術,1,11教會更研究發展中心出版,蘇文隆著,中文,信仰個人成長
Blue,AC0159,復興初階,1,大使命中心出版,史來福,中文,信仰個人成長
Blue,AC0160,真理ABC,1,校園書房出版社,吉枝隆邦,中文,信仰個人成長
Blue,AC0161,地平線之旅,1,校園書房出版社,彭廷亮,中文,信仰個人成長
Blue,AC0162,屬靈品格的建立,1,基道出版社,郭鴻標,中文,信仰個人成長
Blue,AC0163,基督教靈性生活的面譜,1,卓越書樓,楊牧谷,中文,信仰個人成長
Blue,AC0164,走上成聖之路,2,中國與福音出版社,慕聖,中文,信仰個人成長
Blue,AC0165,聖經問題解答,1,天道書樓有限公司,陳終道 ,中文,信仰個人成長
Blue,AC0166,重生真義,1,宣道出版社,王明道,中文,信仰個人成長
Blue,AC0167,屬靈操練禮讚,1,學生福音團契出版社,傅士德 ,中文,信仰個人成長
Blue,AC0168,現代人與聖靈生活,1,基督教文藝出版社,杜理安,中文,信仰個人成長
Blue,AC0169,生命軌迹,1,突破出版社,區祥江著,中文,信仰個人成長
Blue,AC0170,如何發展你的探病恩賜,1,更新資源(香港)有限公司,楊牧谷,中文,信仰個人成長
Blue,AC0171,俗世聖徒,1,天道書樓有限公司,畢德生,中文,信仰個人成長
Blue,AC0172,基督的心思,1,亞洲歸主協會香港分會,高爾文,中文,信仰個人成長
Blue,AC0173,末日迷蹤,1,福音證主協會,黎曦庭、曾健時,中文,信仰個人成長
Blue,AC0174,天國的異象,1,種籽出版社,陳終道,中文,信仰個人成長
Blue,AC0175,大使命的現代意義,1,種籽出版社,大衛．候活,中文,信仰個人成長
Blue,AC0176,過猶不及,1,台福傳播中心,亨利．克勞博士、約翰．湯森德博士,中文,信仰個人成長
Blue,AC0177,顛覆世界的教會,1,雅歌出版社,葛列格．勞端,中文,信仰個人成長
Blue,AC0178,是非黑白,1,中國神學研究院、天道書樓,蔡元雲醫生,中文,信仰個人成長
Blue,AC0179,為誰辛苦為誰忙,1,宣道出版社,楊世禮,中文,信仰個人成長
Blue,AC0180,梁夫子漫畫精華錄2003-2007,1,沙田浸信會,梁夫子,中文,信仰個人成長
Blue,AC0181,熔爐,1,樂哥學生天地,王光霞,中文,信仰個人成長
Blue,AC0182,醫者心,2,突破出版社,蔡元雲,中文,信仰個人成長
Blue,AC0183,寂寞再見,1,中國主日學協會,詹姆斯．強森,中文,信仰個人成長
Blue,AC0184,今日的路,1,宣道會華基堂,簡亦微著,中文,信仰個人成長
Blue,AC0185,我的生命宣信,1,校園書房出版社,楊牧谷,中文,信仰個人成長
Blue,AC0186,基督徒看權勢,1,基督出版社,傅士德,中文,信仰個人成長
Blue,AC0187,生命，你說！,1,突破出版社,魯宗著,中文,信仰個人成長
Blue,AC0188,衣衫襤褸的福音,1,校園書房出版社,曼寧,中文,信仰個人成長
Blue,AC0189,與神相交,1,真道之聲出版社,艾彼得,中文,信仰個人成長
Blue,AC0190,健康有道 從衛生保健看神奇妙的創造,1,福音文宣社,林振時,中文,信仰個人成長
Blue,AC0191,生命力,4,聖經書刊出版公司,布克漢,中文,信仰個人成長
Blue,AC0192,自由社會的道德底線,1,基道出版社,羅秉祥,中文,信仰個人成長
Blue,AC0193,懷念,1,中國教會研究中心出版,余羊著,中文,信仰個人成長
Blue,AC0194,奉主名作證,1,Err:522,查肯尼博士,中文,信仰個人成長
Blue,AC0195,信仰與社會責任,1,浸信會出版社,史托德,中文,信仰個人成長
Blue,AC0196,提防網路色情,1,橄欖基金會,爾瑞夫、馬克蘭瑟合著,中文,信仰個人成長
Blue,AE0001,More than a carpenter,2,Kingsway,Josh McDowell,英文,信仰個人成長
Blue,AE0002,God of my father,1,Zondervan Publishing House,"Dr. Larry Crabb, Jr. & Lawrence Crabb, SR.",英文,信仰個人成長
Blue,AE0003,In HIS steps,1,Barbour and Company,Charles M. Sheldon,英文,信仰個人成長
Blue,AE0004,It's about time,1,Tyndale House,Ken Smith,英文,信仰個人成長
Blue,AE0005,"Lord, Change Me !",1,Scripture Press,Evelyn Christenson,英文,信仰個人成長
Blue,AE0006,Living Stones of the Himalayas,1,Zondervan Publishing House,Thomas Hale,英文,信仰個人成長
Blue,AE0007,A Compact Guide to the Christian Life,1,NavPress,K.C. Hinckley,英文,信仰個人成長
Blue,AE0008,How to eat humble pie & not get Indigested,1,Inter-Varsity Press,Charlene Ann Baumbich,英文,信仰個人成長
Blue,AE0009,All Out For God,1,Marshall Picking,Justyn Rees,英文,信仰個人成長
Blue,AE0010,Restoring your Spiritual Passion,1,Highland books,Gordon MacDonald,英文,信仰個人成長
Blue,AE0011,Spirit Controlled Temperament,2,Kingsway,Tim LaHaye,英文,信仰個人成長
Blue,AE0012,The bondage breaker,1,Monarch Publications,Neil T. Anderson,英文,信仰個人成長
Blue,AE0013,GOD can be trusted,1,OMF books,Elizabeth Goldsmith,英文,信仰個人成長
Blue,AE0014,A House of Many Blessings,1,Eagle,Quin Sherrer and Laura Watson,英文,信仰個人成長
Blue,AE0015,Inside Out,1,NavPress,Dr. Larry Crabb,英文,信仰個人成長
Blue,AE0016,Never Say Can't,2,An OMf book,Linnet Hinton,英文,信仰個人成長
Blue,AE0017,God that's not fair,1,OMF books,Dick Dowsett,英文,信仰個人成長
Blue,AE0018,The Winning Attitude,1,Thomas Nelson Publishers,John C. Maxwell,英文,信仰個人成長
Blue,AE0019,Victory Over The Darkness,1,Regal Books,Neil T. Anderson,英文,信仰個人成長
Red,BC0001,活着就是愛,1,基道書樓出版社,德蘭修女,中文,靈修
Red,BC0002,晨光,1,--,--,中文,靈修
Red,BC0003,每一天-葛語精華,1,環宇出版社,邦約安編,中文,靈修
Red,BC0004,安慰,1,浸信會出版社,考門夫人,中文,靈修
Red,BC0005,荒漠甘泉,1,晨星出版社,唐醒、袁周潔民譯,中文,靈修
Red,BC0006,每一天  ,1,天道書樓有限公司,葛培理著 古樂人譯,中文,靈修
Red,BC0007,與主面對面,1,國際種秄出版社有限公司,賓路易師母,中文,靈修
Red,BC0008,靈修記錄,1,華人浸信會出版協會出版,--,中文,靈修
Red,BC0009,慕安德烈靈修小品,1,財團法人基督教福音證主協會,慕安德烈,中文,靈修
Red,BC0010,群體中見祂面(下),1,突破出版社,蔡元雲,中文,靈修
Red,BC0011,群體中見祂面(上),1,突破出版社,蔡元雲,中文,靈修
Red,BC0012,靜聽聖靈的微聲(下),1,突破出版社,蔡元雲,中文,靈修
Red,BC0013,靜聽聖靈的微聲(上),1,突破出版社,蔡元雲,中文,靈修
Red,BC0014,貼近天父的胸膛(上),1,突破出版社,蔡元雲,中文,靈修
Red,BC0015,貼近天父的胸膛(下),1,突破出版社,蔡元雲,中文,靈修
Red,BC0016,以基督的心為心(上),1,突破出版社,蔡元雲,中文,靈修
Red,BC0017,以基督的心為心(下),1,突破出版社,蔡元雲,中文,靈修
Red,BC0018,相遇寧靜中(上),1,突破出版社,蔡元雲,中文,靈修
Red,BC0019,相遇寧靜中(下),1,突破出版社,蔡元雲,中文,靈修
Red,BC0020,繁忙人的屬靈操練(下),1,突破出版社,蔡元雲,中文,靈修
Red,BC0021,王明道著作每日選讀,1,基道書樓出版社,王明道,中文,靈修
Red,BC0022,誰像耶穌(上冊),1,沙田浸信會‧生命力培訓中心,沙田浸信會‧生命力培訓中心,中文,靈修
Red,BC0023,聚焦創世記,1,起初文化出版社有限公司,杜嘉,中文,靈修
Red,BC0024,安慰之言,1,中國教會研究中心出版,趙天恩、何牧華,中文,靈修
Red,BC0025,每日與主同行,1,證音證主協會,蘇穎智,中文,靈修
Red,BC0026,氧oxygen 4,1,香港讀經會,林振偉、蕭如發、周貴發,中文,靈修
Red,BC0027,氧oxygen 5,1,香港讀經會,區伯平、潘仁智、周貴發,中文,靈修
Red,BC0028,氧oxygen 6,1,香港讀經會,陳謳明、何偉強、陳偉光,中文,靈修
Red,BC0029,氧oxygen 8,1,香港讀經會,王天聰、王吳麗貞、趙偉本、陳家偉,中文,靈修
Red,BC0030,施恩寶座的訣要,1,歸主出版社,慕安得烈著,中文,靈修
Red,BC0031,聖靈啟示的訣要,1,歸主出版社,慕安得烈著,中文,靈修
Red,BC0032,同心合意禱告的訣要,1,歸主出版社,慕安得烈著,中文,靈修
Red,BC0033,弟兄相愛的訣要,1,歸主出版社,慕安得烈著,中文,靈修
Red,BC0034,來自上面能力的訣要,1,歸主出版社,慕安得烈著,中文,靈修
Red,BC0035,交通的訣要,1,歸主出版社,慕安得烈著,中文,靈修
Red,BC0036,敬拜的訣要,1,歸主出版社,慕安得烈著,中文,靈修
Red,BC0037,信心生活的訣要,1,歸主出版社,慕安得烈著,中文,靈修
Red,BC0038,天賜糧源2,1,浸信會出版社,袁玉麟編,中文,靈修
Red,BC0039,靈修生活,1,種籽出版社,吳主光,中文,靈修
Red,BC0040,思想的改造 天國,1,生命文化事業有限公司,靈修系列編輯組,中文,靈修
Red,BC0041,思想的改造 真理,1,生命文化事業有限公司,靈修系列編輯組,中文,靈修
Red,BC0042,行為的改造 奉獻,1,生命文化事業有限公司,靈修系列編輯組,中文,靈修
Red,BC0043,行為的改造 享受,1,生命文化事業有限公司,靈修系列編輯組,中文,靈修
Red,BC0044,靈的改造 公平‧正直‧公義,1,生命文化事業有限公司,靈修系列編輯組,中文,靈修
Red,BC0045,靈的改造 甦醒‧良善‧智慧,1,生命文化事業有限公司,靈修系列編輯組,中文,靈修
Red,BC0046,耶利米-傾瀉生命崇高的眼淚,1,生命文化事業有限公司,靈修系列編輯組,中文,靈修
Red,BC0047,保羅 - 為異象攪亂天下,1,生命文化事業有限公司,靈修系列編輯組,中文,靈修
Red,BC0048,但以理 - 為異象禱告到老,1,生命文化事業有限公司,靈修系列編輯組,中文,靈修
Red,BC0049,約伯 - 正視生命困惑的真誠,1,生命文化事業有限公司,靈修系列編輯組,中文,靈修
Red,BC0050,所羅門 - 展露生命堅貞的愛情,1,生命文化事業有限公司,靈修系列編輯組,中文,靈修
Red,BC0051,亞伯拉罕-萬國之父生命之偉大處,1,生命文化事業有限公司,靈修系列編輯組,中文,靈修
Red,BC0052,約瑟-跨越生命創傷的寬恕,1,生命文化事業有限公司,靈修系列編輯組,中文,靈修
Red,BC0053, 大衞-一代君王生命之柔情處,1,生命文化事業有限公司,靈修系列編輯組,中文,靈修
Red,BC0054,摩西-民族領袖生命之隱密處,1,生命文化事業有限公司,靈修系列編輯組,中文,靈修
Red,BC0055,雅各-一條微蟲生命之執着處,1,生命文化事業有限公司,靈修系列編輯組,中文,靈修
Red,BC0056,肉體的情慾,1,生命文化事業有限公司,靈修系列編輯組,中文,靈修
Red,BC0057,自我的情慾,1,生命文化事業有限公司,靈修系列編輯組,中文,靈修
Red,BC0058,罪惡的爭戰,1,生命文化事業有限公司,靈修系列編輯組,中文,靈修
Red,BC0059,心的改造-清心愛慕敬畏,1,生命文化事業有限公司,靈修系列編輯組,中文,靈修
Red,BC0060,心的改造-誠實忍耐虛心,1,生命文化事業有限公司,靈修系列編輯組,中文,靈修
Red,BC0061,心的改造-寛恕憐憫尊重,1,生命文化事業有限公司,靈修系列編輯組,中文,靈修
Red,BC0062,內省人生觀,1,生命文化事業有限公司,靈修系列編輯組,中文,靈修
Red,BC0063,內省價值觀,1,生命文化事業有限公司,靈修系列編輯組,中文,靈修
Red,BC0064,內省永恆觀,1,生命文化事業有限公司,靈修系列編輯組,中文,靈修
Red,BC0065,內省天國觀,2,生命文化事業有限公司,靈修系列編輯組,中文,靈修
Red,BC0066,彼得-為異象至死忠心,1,生命文化事業有限公司,靈修系列編輯組,中文,靈修
Red,BC0067,我相神是我的拯救,1,生命文化事業有限公司,靈修系列編輯組,中文,靈修
Red,BC0068,我信神是我的元帥,1,生命文化事業有限公司,靈修系列編輯組,中文,靈修
Red,BC0069,我信神是我的亮光,1,生命文化事業有限公司,靈修系列編輯組,中文,靈修
Red,BC0070,我信神是我的保護,1,生命文化事業有限公司,靈修系列編輯組,中文,靈修
Red,BC0071,我信神是我的密友,1,生命文化事業有限公司,靈修系列編輯組,中文,靈修
Red,BC0072,我信神是我的產業,1,生命文化事業有限公司,靈修系列編輯組,中文,靈修
Red,BC0073,我信神是我的榮耀,1,生命文化事業有限公司,靈修系列編輯組,中文,靈修
Red,BC0074,我信神是我的希望,1,生命文化事業有限公司,靈修系列編輯組,中文,靈修
Red,BC0075,我信神是我的神,1,生命文化事業有限公司,靈修系列編輯組,中文,靈修
Red,BC0076,我信神是我的安慰,1,生命文化事業有限公司,靈修系列編輯組,中文,靈修
Red,BC0077,我信神是我的力量,1,生命文化事業有限公司,靈修系列編輯組,中文,靈修
Red,BC0078,珍貴的片刻,2,天道書樓有限公司,邁爾著,中文,靈修
Red,BC0079,荒漠甘泉,1,海天書樓出版社,考門夫人,中文,靈修
Red,BC0080,每日讀經釋義 1996 第四季,4,香港讀經會,,中文,靈修
Red,BC0081,每日讀經釋義 1997 第一季,2,香港讀經會,,中文,靈修
Red,BC0082,每日讀經釋義 1997 第二季,2,香港讀經會,,中文,靈修
Red,BC0083,每日讀經釋義 1997 第四季,1,香港讀經會,,中文,靈修
Red,BC0084,每日讀經釋義 1998 第一季,1,香港讀經會,,中文,靈修
Red,BC0085,每日讀經釋義 1998 第二季,1,香港讀經會,,中文,靈修
Red,BC0086,每日讀經釋義 1998 第三季,1,香港讀經會,,中文,靈修
Red,BC0087,365靈命日糧精選,1,基督橄欖文化出版,狄漢馬丁等,中文,靈修
Red,BC0088,365家庭崇拜,1,天道書樓有限公司,肯令等著,中文,靈修
Red,BC0089,與耶穌真心話大冒險,1,校園書房出版社,美國青人歸主協會,中文,靈修
Red,BC0090,把祢放在我心上,1,福音證主協會,迪絲汀,中文,靈修
Red,BC0091,戀愛靈旅,2,基道出版社,賓‧楊，撒母耳‧亞當斯,中文,靈修
Red,BC0092,尊主為大,1,J-Media,<尊主為大>編輯工作組,中文,靈修
Red,BC0093,愛得不一樣,2,主流福音傳播,林德麟、李蓉蓉、張夢蘭編撰,中文,靈修
Black,CC0001,荒原上 – 司務道教士自傳之二,1,靈實醫院靈實福音佈道團,司務道教士,中文,宣教
Black,CC0002,劍橋七傑,1,校園書房出版社,John Pollock著 饒孝榛譯,中文,宣教
Black,CC0003,鋼鐵般的靈魂,1,大光書房出版,珍妮汪伯納著 何曉東譯,中文,宣教
Black,CC0004,富善,1,福音文宣社,林振時著,中文,宣教
Black,CC0005,再上小村路,1,宣道出版社,林鏡初著,中文,宣教
Black,CC0006,權能的道,1,宣道出版社,薜洛瓊‧普佩蒂著,中文,宣教
Black,CC0007,宣信行述,1,宣道出版社,湯普信著 陸忠信譯 ,中文,宣教
Black,CC0008,走出安樂窩,1,甘界福音動員會,韋華,中文,宣教
Black,CC0009,初到貴境,2,宣道出版社,狄立禮著 樂恩年譯,中文,宣教
Black,CC0010,愛是一生的堅持,1,彭蒙惠英語出版社,彭蒙惠,中文,宣教
Black,CC0011,戴德生—摯愛中華,4,褔音證主協會,史蒂亞著 梁元生譯,中文,宣教
Black,CC0012,攀上高峰,1,中國信徒佈道會,林安國著,中文,宣教
Black,CC0013,靈火淬煉—中國大陸教會復興的秘訣,1,中國福音會出版部,趙天恩著,中文,宣教
Black,CC0014,捨網—給獻身宣教者,1,校園書房出版社,高力富著,中文,宣教
Black,CC0015,咫尺天涯—中國教會的近貌,1,褔音證主協會,董婉儀編,中文,宣教
Black,CC0016,你也能參與宣教,1,校園書房出版社,高力富著 吳秀蘭譯,中文,宣教
Black,CC0017,從使徒行傳看宣道與差傳,1,校園書房出版社,蘇恩佩,中文,宣教
Black,CC0018,宣教一種生命的態度,1,校園書房出版社,白思傑及雷馬強佐,中文,宣教
Black,CC0019,富能仁新傳,1,福音文宣社,EILEEN CROSSMAN著  冉超智譯,中文,宣教
Black,CC0020,陝西羚蹤 – 司務道教士自傳之一,2,靈實醫院靈實福音佈道團,司務道教士,中文,宣教
Black,CE0001,Green Leaf in Drought,1,An Omf book,Isobel Kuhn,英文,宣教
Black,CE0002,John and Betty Stam: A story of triumph,1,Moody Press,Mrs. Howard Taylor,英文,宣教
Green,DC0001,壞鬼神學漫畫版6,1,明風出版社,羅秉祥,中文,護教
Green,DC0002,談鬼,1,突破出版社,羅錫為編著,中文,護教
Green,DC0003,科學理論與聖經真理,2,香港基督徒學生福音團契,陳慶德、林榮洪著,中文,護教
Green,DC0004,神秘主義 基督教與東方神秘主義比較,3,香港基督徒短期宣教訓練中心暨佈道資源供應中心,張佳音著,中文,護教
Green,DC0005,神與佛 基督教與佛教比較,4,香港基督徒短期宣教訓練中心暨佈道資源供應中心,張佳音著,中文,護教
Green,DC0006,棄假歸真 基督教與傳統民間信仰比較,4,香港基督徒短期宣教訓練中心暨佈道資源供應中心,張佳音著,中文,護教
Green,DC0007,靈界揭秘 靈界個案實錄,4,香港基督徒短期宣教訓練中心暨佈道資源供應中心,張佳音著,中文,護教
Green,DC0008,耶和華見證人的真相,2,天道書樓有限公司,安克伯 韋爾登合著,中文,護教
Green,DC0009,棄假歸真,2,香港基督徒短期宣教訓練中心暨佈道資源供應中心,滕張佳音,中文,護教
Green,DC0010,非Q版信仰,1,學生福音團契出版社,"溫淑芳, 戴德正, 王賜惠, 何翰庭",中文,護教
Green,DC0011,末世預言綜覽,1,天道書樓,陸維信著 李保羅譯,中文,護教
Green,DC0012,漫天烽火待黎明,1,海天書樓,葛培理著 余也魯譯,中文,護教
Green,DC0013,新紀元答客問,1,天道書樓,卜勒遜著 徐美珍譯,中文,護教
Green,DC0014,面對異端,3,天道書樓,賴瑞仁著,中文,護教
Green,DC0015,耶和華見證人的內幕,1,宣道出版社,何克漢著 萬德成譯,中文,護教
Green,DC0016,聖經與末世事件,1,天道書樓,胡里昂著 褚永華譯,中文,護教
Green,DC0017,苦罪懸謎,1,天道書樓,梁燕城著,中文,護教
Green,DC0018,千載懸疑,1,天道書樓,麥道衛著 許立中譯,中文,護教
Green,DC0019,達文西密碼真相,1,聖經資源中心,阿邦尼斯,中文,護教
Green,DC0020,護教小貼士,1,香港基督徒短期宣教訓練中心暨佈道資源供應中心,張國良編,中文,護教
Green,DC0021,異端辨惑,1,天道書樓有限公司,蘇穎智,中文,護教
Green,DC0022,黑白分明,1,宣道出版社,羅秉祥,中文,護教
Green,DC0023,天主教的真相,1,天道書樓有限公司,安克伯 韋爾登合著,中文,護教
Green,DC0024,新紀元運動的真相,1,天道書樓有限公司,安克伯 韋爾登合著,中文,護教
Green,DC0025,自尊、心理學與康復運動的真相,1,天道書樓有限公司,安克伯 韋爾登合著,中文,護教
Green,DC0026,進化論與創造論的真相,1,天道書樓有限公司,安克伯 韋爾登合著,中文,護教
Green,DC0027,死後生命的真相,1,天道書樓有限公司,安克伯 韋爾登合著,中文,護教
Green,DC0028,墮胎的真相,1,天道書樓有限公司,安克伯 韋爾登合著,中文,護教
Green,DC0029,通靈的真相,1,天道書樓有限公司,安克伯 韋爾登合著,中文,護教
Green,DC0030,天使的真相,1,天道書樓有限公司,安克伯 韋爾登合著,中文,護教
Green,DC0031,耶穌研討會的真相,1,天道書樓有限公司,安克伯 韋爾登合著,中文,護教
Green,DC0032,摩門教的真相,1,天道書樓有限公司,安克伯 韋爾登合著,中文,護教
Green,DC0033,中國民間信仰揭秘,1,香港短宣中心,馬國棟、劉志良合著,中文,護教
Green,DC0034,第三隻眼看伊斯蘭教,1,校園書房出版社,王瑞珍、劉幸枝合著,中文,護教
Green,DC0035,佛教真相,1,中福出版有限公司,張國騤,中文,護教
White,EC0001,殉教譜,2,天道書樓有限公司,魏威爾著 何碧瑩,中文,見證
White,EC0002,失明給我的挑戰,2,浸信會出版社,程文輝著,中文,見證
White,EC0003,踏出神秘迷官,2,香港基督徒短期宣教訓練中心暨佈道資源供應中心,張佳音著,中文,見證
White,EC0004,不滅的燈火 吳勇長老回憶錄(中),1,財團法人基督教宇宙光傳播中心出版社,吳勇口述 何曉東整理,中文,見證
White,EC0005,不滅的燈火 吳勇長老回憶錄(下),1,財團法人基督教宇宙光傳播中心出版社,吳勇口述 何曉東整理,中文,見證
White,EC0006,縱使怒濤澎湃,1,浸信會出版社,范喬治編 王麗英譯,中文,見證
White,EC0007,祭壇上的心聲,1,天道書樓有限公司,邵慶彰,中文,見證
White,EC0008,在火窰與獅穴中(王明道先生苦難的見證,2,宣道書局出版,王明道著,中文,見證
White,EC0009,返璞歸真,2,海天書樓,魯益士著,中文,見證
White,EC0010,死後的回顧,1,橄欖基金會,孫大信著 江金龍譯,中文,見證
White,EC0011,赤地之穗,3,中國福音會出版部,陳鐳,中文,見證
White,EC0012,杖與竿,1,聖道出版社,楊濬哲著,中文,見證
White,EC0013,馨香的事奉—林獻羔見證,1,天道書樓,鄭藍著,中文,見證
White,EC0014,穹蒼頌讚述神恩—澳紐華人信徒見證集,1,澳洲中國信徒佈道會,黃建輝編著,中文,見證
White,EC0015,行過死蔭的幽谷,1,中國福音會出版部,水邊著,中文,見證
White,EC0016,在這磐石上-一個日本護士克已奉獻創立教會的記述,1,環球聖經公會有限公司,哥斯頓,中文,見證
White,EC0017,背逆的青年-穆勒喬治在布利斯托爾,1,環球聖經公會有限公司,貝信德,中文,見證
White,EC0018,風火生命顯神恩,1,飛鷹出版社,辛傑米,中文,見證
White,EC0019,OT真荒謬,1,福音證主協會,蔣慧莉,中文,見證
White,EC0020,人生留影,1,更新資源(香港)有限公司,楊伍秀孄,中文,見證
White,EC0021,從永富到永富,1,福音證主協會,司徒永富,中文,見證
White,EC0022,卓越人生-創新與力行的百貨業之王,1,雅歌出版社,全光,中文,見證
White,EC0023,得分﹗上帝的豪小子,1,校園書房出版社,麥克．約基、傑西．弗雷亞合著,中文,見證
White,EE0001,21 Great Scientists Who Believed The Bible,1,Answers In Gensis,Ann Lamont,英文,見證
White,EE0002,Hidden Gold,1,Marshall Picking,Barbara Bazley,英文,見證
White,EE0003,The Greatest Lesson(MEN),1,World Publishing,Bill Bright,英文,見證
White,EE0004,The Greatest Lesson(Women),1,World Publishing,Bill Bright,英文,見證
White,EE0005,A Mother's Heart,1,Navpress,Jean Fleming,英文,見證
White,EE0006,Nests above the abyss,1,An Omf book,Isobel Kuhn,英文,見證
White,EE0007,Joni Eareckson,1,Library of Congress Cataloging in Publication Data,Joni Eareckson,英文,見證
White,EE0008,No Turning Back,1,Marshall Picking,Jan Pitt and Dan Wooding,英文,見證
Orange,FC0001,花生福音,1,基督教文藝出版社,  ,中文,佈道
Orange,FC0002,一千個怎麼辦,2,海天書樓,葛培理著 余也魯譯,中文,佈道
Orange,FC0003,耶穌是誰,1,晨星出版社,王明道著,中文,佈道
Orange,FC0004,羅馬路佈道法（學員本）,6,沙田浸信會,沙田浸信會,中文,佈道
Orange,FC0005,把別人介紹給主,7,福音證主協會出版部,李德爾著 胡問憲譯,中文,佈道
Orange,FC0006,豆豆福音,1,基督教文藝出版社,蕭脫特著 蘇恩佩譯,中文,佈道
Orange,FC0007,原來如此—信仰問題解答1,1,救世傳播協會,陳莎莉,中文,佈道
Orange,FC0008,原來如此—信仰問題解答2,1,救世傳播協會,陳莎莉,中文,佈道
Orange,FC0009,原來如此—信仰問題解答3,1,救世傳播協會,陳莎莉,中文,佈道
Orange,FC0010,原來如此—信仰問題解答4,1,救世傳播協會,陳莎莉,中文,佈道
Orange,FC0011,佈道生活化,1,亞洲歸主協會香港分會,艾偉傳著,中文,佈道
Orange,FC0012,如何領人歸向基督,1,宣道出版社,叨雷著,中文,佈道
Orange,FC0013,怎樣與回教徒分享福音？,1,Light of Life,Iskander Jadeed,中文,佈道
Orange,FC0014,實用個人佈道手冊,1,宣道出版社,余俊銓著,中文,佈道
Orange,FC0015,佈道大計,1,香港亞洲歸主協會,高爾文著,中文,佈道
Orange,FC0016,豆豆比喻,1,基督教文藝出版社,蕭脫特著 周天和譯,中文,佈道
Orange,FC0017,自我與人生,1,突破出版社,邱提鴒等,中文,佈道
Orange,FC0018,大能的彰顯,1,基督傳萬邦,布永康著 楊子江譯,中文,佈道
Orange,FC0019,當代福音策略,1,校園書房出版社,彼特森著 恩邑譯,中文,佈道
Orange,FE0001,Life-style Evangelism,1,Marshalls,Joseph Aldrich,英文,佈道
Yellow,GC0001,音樂百寶箱,1,財團法人基教宇宙光出版社,鄭又慧,中文,家庭、兩性關係
Yellow,GC0002,家庭學狂想,1,突破出版社,楊牧谷,中文,家庭、兩性關係
Yellow,GC0003,家庭學狂想2,1,突破出版社,楊牧谷,中文,家庭、兩性關係
Yellow,GC0004,反判與成長 身分的危機與尋覓,1,突破出版社,郭少棠,中文,家庭、兩性關係
Yellow,GC0005,迎接小生命,1,天道書樓有限公司,高爾文,中文,家庭、兩性關係
Yellow,GC0006,愛兒成長,1,福音證主協會,婚姻及兒童啟導中心選輯,中文,家庭、兩性關係
Yellow,GC0007,愛之語,1,中國主日學協會,蓋瑞．巧門,中文,家庭、兩性關係
Yellow,GC0008,如何建立孩子的靈性與品德,1,大光書房出版社,布魯斯．納蘭摩爾,中文,家庭、兩性關係
Yellow,GC0009,如何教養青少年,1,大光書房出版社,拜倫．亞理傑,中文,家庭、兩性關係
Yellow,GC0010,單親家庭的成長,1,基督教家庭服務中心,基督教家庭服務中心,中文,家庭、兩性關係
Yellow,GC0011,開心家庭啟示錄,1,突破出版社,阿濃,中文,家庭、兩性關係
Yellow,GC0012,異鄉情,1,卓越書樓,溫偉耀著,中文,家庭、兩性關係
Yellow,GC0013,幸福家庭的祕訣,1,聖經印贈會,不詳,中文,家庭、兩性關係
Yellow,GC0014,教子成功的祕訣,1,美國福音證主協會,蘇緋雲博士著,中文,家庭、兩性關係
Yellow,GC0015,誰是一家之主 —– 基督代家庭,1,中國神學研究院,萬崇仁牧師,中文,家庭、兩性關係
Yellow,GC0016,蓬萊是我家,1,天道書樓有限公司,羅錫為、羅文錫祺合著,中文,家庭、兩性關係
Yellow,GC0017,人生大事,1,基督教文藝出版社,梅士著,中文,家庭、兩性關係
Yellow,GC0018,基督徒與婚姻,1,宣道書局出版,王明道著,中文,家庭、兩性關係
Yellow,GC0019,結伴同行,1,福音證主協會,陳李穎著.湛清譯,中文,家庭、兩性關係
Yellow,GC0020,從未遇上的女性,1,突破出版社,溫淑芳著,中文,家庭、兩性關係
Yellow,GC0021,我願意,1,福音證主協會,蔡伯訏原著 周李玉珍譯,中文,家庭、兩性關係
Yellow,GC0022,我該結婚嗎?,1,校園書房出版社,史密斯著 楊淑智譯,中文,家庭、兩性關係
Yellow,GC0023,雌雄難辯,1,突破出版社,何潔貞等著,中文,家庭、兩性關係
Yellow,GC0024,家庭性教育,1,財團法人基督教中國主日學協會出版部,雷克斯．強生,中文,家庭、兩性關係
Yellow,GC0025,家庭性教育,1,大光書房出版部,梅瑪麗,中文,家庭、兩性關係
Yellow,GC0026,寫給主的女兒,1,種籽出版社,尤珍妮.柏拉絲著 馮智玲譯,中文,家庭、兩性關係
Yellow,GC0027,陽春的微笑,1,種籽出版社,  ,中文,家庭、兩性關係
Yellow,GC0028,單身的挑戰,1,校園書房出版社,崔弗．巴特里著 鄭瑞菁譯,中文,家庭、兩性關係
Yellow,GC0029,交友指南針,1,突破出版社,黃惠貞編,中文,家庭、兩性關係
Yellow,GC0030,交友,1,突破出版社,譚秀薇 詹維明著,中文,家庭、兩性關係
Yellow,GC0031,建立良好的人際關係,2,角聲出版社,李察‧拿利著 盧愛珍譯,中文,家庭、兩性關係
Yellow,GC0032,更深的合一,1,天道書樓有限公司,麥偉恩著 何潔瑩譯,中文,家庭、兩性關係
Yellow,GC0033,母子倩．母子結,1,突破出版社,區祥江,中文,家庭、兩性關係
Yellow,GC0034,從未遇上的男性,1,突破出版社,區祥江,中文,家庭、兩性關係
Yellow,GC0035,管教愛兒有妙方,1,福音證主協會,蔡貝蒂,中文,家庭、兩性關係
Yellow,GC0036,圓圈的兩半,2,突破出版社,譚秀薇等著,中文,家庭、兩性關係
Yellow,GC0037,幸福家庭的祕訣,1,聖經印贈會,不詳,中文,家庭、兩性關係
Yellow,GC0038,在轉動的地毯上跳舞,1,突破出版社,蔡元雲等著,中文,家庭、兩性關係
Yellow,GC0039,愛情偵測站,1,突破出版社,黃麗燕等,中文,家庭、兩性關係
Yellow,GC0040,為甚麼兒童會有不良行為？,1,大光書房出版,布魯斯．納蘭摩爾,中文,家庭、兩性關係
Yellow,GC0041,家庭協奏曲,1,福音證主協會,吳李金麗著,中文,家庭、兩性關係
Yellow,GC0042,做個快活有情人,1,突破出版社,何玉燕,中文,家庭、兩性關係
Yellow,GC0043,幸福人生小百科,1,突破出版社,詹姆斯 道森,中文,家庭、兩性關係
Yellow,GC0044,福音與快活人 從聖經真理看同性戀行為,1,天道書樓有限公司,甘奇爾,中文,家庭、兩性關係
Yellow,GC0045,相知相交戀愛中,1,天道書樓有限公司,李保羅、李榮鳳,中文,家庭、兩性關係
Yellow,GC0046,成為青少年心目中的大人物,1,橄欖基金會,喬懷德,中文,家庭、兩性關係
Yellow,GC0047,堅靱的愛,1,大光書房出版,詹姆斯 道森,中文,家庭、兩性關係
Yellow,GC0048,「性教育」行動綱領 修訂篇,1,香港家庭計劃指導會,,中文,家庭、兩性關係
Yellow,GC0049,彼此了解,1,證道出版社,杜尼耶著 周增祥譯,中文,家庭、兩性關係
Yellow,GC0050,愛妳一生-- 如何成為理想丈夫,1,中國主日學協會,哈瑪麗著 章福卿譯,中文,家庭、兩性關係
Yellow,GC0051,更深的合一 基督徒的婚姻關係,2,天道書樓有限公司,麥偉恩著 何潔瑩譯,中文,家庭、兩性關係
Yellow,GC0052,101法進入你丈夫太太的心中,1,橄欖基金會,亞羅絲，亞尼克著,中文,家庭、兩性關係
Yellow,GC0053,與青少年坦誠交談,1,大光書房出版,詹姆斯 道森,中文,家庭、兩性關係
Yellow,GC0054,如夫妻坦誠交談,1,大光書房出版,詹姆斯 道森,中文,家庭、兩性關係
Yellow,GC0055,白頭偕老知多少手册,1,證道出版社,蓋時珍著 范海燕譯,中文,家庭、兩性關係
Yellow,GC0056,白頭偕老知多少,1,證道出版社,蓋時珍著 范海燕譯,中文,家庭、兩性關係
Yellow,GC0057,如何向丈夫傳福音？,1,大光書房出版,喬貝莉著 卓芬珠譯,中文,家庭、兩性關係
Yellow,GC0058,如何重建離婚後的生活,1,大光書房出版,吉姆 史摩克著 何露薏譯,中文,家庭、兩性關係
Yellow,GC0059,婚姻家庭工作靈裡生活,1,美國活泉出版社,鍾馬田著 鍾越娜譯,中文,家庭、兩性關係
Yellow,GC0060,破除離婚的迷思,1,大光書房出版,卡爾 朗尼著 馮錫明譯,中文,家庭、兩性關係
Yellow,GC0061,性教育家長手册 ,2,香港家庭計劃指導會,--,中文,家庭、兩性關係
Yellow,GC0062,活力跳豆 創意家庭崇拜手册,1,福音證主協會,吳李金麗著,中文,家庭、兩性關係
Yellow,GC0063,如何按照聖經教養你的孩子,2,橄欖基金會,華德韓力森著 吳文秋/蔡金玲著,中文,家庭、兩性關係
Yellow,GC0064,家--教會的縮影,1,證道出版社,蓋時珍著 古樂人譯,中文,家庭、兩性關係
Yellow,GC0065,精彩的基督化家庭,2,合福傳播中心,蘇文隆著,中文,家庭、兩性關係
Yellow,GC0066,婚姻--兩性生活,1,基督教文藝出版社,黎希夫婦著,中文,家庭、兩性關係
Yellow,GC0067,如何抓住你妻子的心？,1,橄欖基金會,蓋瑞．史邁勒,中文,家庭、兩性關係
Yellow,GC0068,基督化家庭的恢復(上),1,橄欖基金會,桑得福夫婦著 陳屏英譯,中文,家庭、兩性關係
Yellow,GC0069,基督化家庭的恢復(下),1,橄欖基金會,桑得福夫婦著 陳屏英譯,中文,家庭、兩性關係
Yellow,GC0070,婚姻問題心理輔導,1,大光書房出版,何蓋瑞著 張鈞/吳際平 合譯,中文,家庭、兩性關係
Yellow,GC0071,上帝也寫羅曼史,1,校園書房出版社,艾瑞克及蕾絲莉,中文,家庭、兩性關係
Yellow,GC0072,約會你我祂,1,雅歌出版社,克里斯多夫‧胡森等,中文,家庭、兩性關係
Yellow,GC0073,約會 The One,1,天窗出版社,林笑岏,中文,家庭、兩性關係
Yellow,GC0074,女人有寶﹗,1,宣道出版社,達蘭妮‧薩拉,中文,家庭、兩性關係
Yellow,GC0075,我們戀愛吧﹗,2,道聲出版社,朴秀雄,中文,家庭、兩性關係
Yellow,GC0076,為約會立界線,2,                            ,亨利‧克勞德博士，約翰‧湯森德博士,中文,家庭、兩性關係
Yellow,GC0077,好女人靈慾戀曲,1,天道書樓有限公司,埃思里奇、阿特伯恩博士,中文,家庭、兩性關係
Yellow,GC0078,好女人靈慾戀曲(青年篇),2,天道書樓有限公司,埃思里奇、阿特伯恩博士,中文,家庭、兩性關係
Yellow,GC0079,好男人性戰實錄,2,天道書樓有限公司,阿特伯恩、史特加,中文,家庭、兩性關係
Yellow,GC0080,好男人性戰實錄 (青年篇),1,天道書樓有限公司,阿特伯恩、史特加,中文,家庭、兩性關係
Yellow,GC0081,恩愛綿綿,1,福音證主協會,證主培訓中心,中文,家庭、兩性關係
Yellow,GC0082,當男孩遇上女孩,2,中國學園傳道會出版部,約書亞．哈里斯,中文,家庭、兩性關係
Yellow,GC0083,基督徒父母加油站,1,播道神學院,馮志雄,中文,家庭、兩性關係
Yellow,GC0084,基督徒的婚姻觀,1,播道神學院,李日堂,中文,家庭、兩性關係
Yellow,GC0085,我心狂野,1,校園書房出版社,艾傑奇,中文,家庭、兩性關係
Yellow,GC0086,給父母的幸福秘笈,1,台福傳播中心,桑蒂．菲德翰、麗莎．萊斯,中文,家庭、兩性關係
Yellow,GC0087,給女人的幸福秘笈,2,台福傳播中心,桑蒂．菲德翰  ,中文,家庭、兩性關係
Yellow,GC0088,性，不是問題﹗,1,中國學園傳道會出版部,約書亞．哈里斯,中文,家庭、兩性關係
Yellow,GC0089,男生幫最難的考題,1,校園書房出版社,柏比爾．邵瑞迪,中文,家庭、兩性關係
Yellow,GC0090,體驗愛．經驗尊重,1,天道書樓有限公司,埃格里斯,中文,家庭、兩性關係
Yellow,GC0091,一生愛主的第二代,1,美國福音證主協會,李道宏,中文,家庭、兩性關係
Yellow,GC0092,為主贏回第二代,1,美國福音證主協會,李道宏,中文,家庭、兩性關係
Yellow,GC0093,孩子不同需要不同,1,中國學園傳道會出版部,查爾士．包宜博士等合著,中文,家庭、兩性關係
Yellow,GC0094,家庭祭壇 活用十誡教材實作手册,1,橄欖出版有限公司,駱玫玲,中文,家庭、兩性關係
Yellow,GC0095,家庭祭壇親愛時光實作手册,1,橄欖出版有限公司,駱玫玲,中文,家庭、兩性關係
Yellow,GC0096,愛上100%Cool的男孩,1,突破出版社,小堯,中文,家庭、兩性關係
Yellow,GC0097,愛在交錯的年代,1,突破出版社,小林芳子,中文,家庭、兩性關係
Yellow,GC0098,一個不要愛情女孩,1,突破出版社,阿籬,中文,家庭、兩性關係
Yellow,GE0001,The Power Of a Prayer Parent,1,Harvest House,Stormie Omartian,英文,家庭、兩性關係
Yellow,GE0002,The Power of a Parent's Words,1,Regal Books,H. Norman Wright,英文,家庭、兩性關係
Yellow,GE0003,Chicken Soup for the Woman's Soup,1,"Health Communication, Inc","Jack Canfield, Mark Victor Hansen, Jennifer Read , Marci Shimoff",英文,家庭、兩性關係
Yellow,GE0004,My Preschooler ages three to Five,1,Thomas Nelson Publishers,Dr. Paul Warren,英文,家庭、兩性關係
Yellow,GE0005,My Toddler ages one to three,1,Thomas Nelson Publishers,Dr. Paul Warren,英文,家庭、兩性關係
Yellow,GE0006,"Mothers, Sons and Wives",1,Regal Books,H. Norman Wright,英文,家庭、兩性關係
Yellow,GE0007,Communication : Key to your marriage,1,Regal Books,H. Norman Wright,英文,家庭、兩性關係
Yellow,GE0008,Motherhood Stress,2,Zondervan Publishing House,Deborah Shaw Lewis with Gregg Lewis,英文,家庭、兩性關係
Yellow,GE0009,Kids in Danger,1,Alpha,Bill & Lynne Hybels,英文,家庭、兩性關係
Yellow,GE0010,Praying God's Word,1,Broadman & Holman Publishers,Beth Moore,英文,家庭、兩性關係
Yellow,GE0011,How to bild cofidence in your child,1,Hodder & Stoughton,Dr. James Dobson,英文,家庭、兩性關係
Yellow,GE0012,52 Simple Ways to build your child's self-esteem and confidence,1,Oliver-Nelson,Todd Temple,英文,家庭、兩性關係
Yellow,GE0013,52 Simple Ways to teach your child about God,1,Oliver-Nelson,Todd Temple,英文,家庭、兩性關係
Yellow,GE0014,Running your Children For Christ,1,Whitaker Hourse,Andrew Murray,英文,家庭、兩性關係
Yellow,GE0015,How To Really Love Your Child,2,Scripture Press,Dr. Ross Campbell,英文,家庭、兩性關係
Yellow,GE0016,How To Really Love Your Teenager,2,Scripture Press,Dr. Ross Campbell,英文,家庭、兩性關係
Yellow,GE0017,The Strong- willed Child,1,Tyndale House,Dr. James Dobson,英文,家庭、兩性關係
Yellow,GE0018,"Simple Ways to Tell your Child ""I Love You""",1,Oliver- Nelson,Jan Dargatz,英文,家庭、兩性關係
Yellow,GE0019,Simple Ways to have Fun with your child,1,Oliver- Nelson,Carl Dreizler,英文,家庭、兩性關係
Yellow,GE0020,Boy Meets Girl,1,Multnomah Books,Joshua Harris,英文,家庭、兩性關係
Yellow,GE0021,The Act of Marriage ,1,The Book Printer,Tim and Beverly LaHaye,英文,家庭、兩性關係
Yellow,GE0022,Fit to be tired,1,Zondervan Publishing House,Bill & Lynne Hybels,英文,家庭、兩性關係
Yellow,GE0023,For Better or For Best,1,HarperPaperBacks,Gary Smalley,英文,家庭、兩性關係
Yellow,GE0024,Tough Parenting For Dangerous Time,1,HarperPaperBacks,Andy Bustanoby,英文,家庭、兩性關係
Yellow,GE0025,Dear Mum and Dad How to honour your parents,1,Inter-Varsity Press,Chua Wee Hian,英文,家庭、兩性關係
Yellow,GE0026,The Revolution of love,1,STL Books,George Verwer,英文,家庭、兩性關係
Yellow,GE0027,Don't bite the apple until you check for worms,1,SPIRE,Ken Abraham,英文,家庭、兩性關係
Yellow,GE0028,Stress and your child,2,World Publishing,Dr. Archibald D. Hart,英文,家庭、兩性關係
Yellow,GE0029,The Five Love Languages,1,Strand Publishing,Gary Chapman,英文,家庭、兩性關係
Yellow,GE0030,Finding Time for Family,1,Fleming H. Revell Company,Gwen Weising,英文,家庭、兩性關係
Pink,HC0001,悲喜也罷,1,突破出版社,吳思源、羅乃萱著,中文,情緒
Pink,HC0002,為什麼我不敢告訴你我是誰,2,道聲出版社,包約翰著 崔菱譯,中文,情緒
Pink,HC0003,與豪豬共舞 – 建立和諧的人際關係,3,校園書房出版社,鮑布‧腓立普斯著 胡茉玲譯,中文,情緒
Pink,HC0004,健康人生,1,雅歌出版社,劉俠,中文,情緒
Pink,HC0005,情緒傷害,1,宇宙光出版社,彭德修,中文,情緒
Pink,HC0006,回到開心時,3,突破出版社,李智群、湯國鈞、何敏賢、李靜慧,中文,情緒
Pink,HC0007,生氣動力學,1,校園書房出版社,黎𣌀庭、腓立普斯著,中文,情緒
Pink,HC0008,與難纏人共舞,1,天道書樓有限公司,帕羅特,中文,情緒
Pink,HC0009,了解自己(長),1,中國主日學協會,奧思本著 羅黃振池譯,中文,情緒
Pink,HC0010,了解自己(短),2,證道出版社,柯思本原著 羅黃振池譯,中文,情緒
Pink,HC0011,氣質的更新,1,宣道出版社,黎𣌀庭著,中文,情緒
Pink,HC0012,蛻變 – 走出心理的迷宮,1,宇宙光出版社,劉家煜,中文,情緒
Pink,HC0013,修心養勝 – 情緒的處理,3,天道書樓有限公司,施腓利著,中文,情緒
Pink,HC0014,問到底性格篇,1,突破出版社,李察,中文,情緒
Pink,HC0015,與愛捉迷藏,1,校園書房出版社,湯森德,中文,情緒
Pink,HC0016,情緒四重奏,1,基道出版社,葛琳卡,中文,情緒
Pink,HC0017,做傷心人的好朋友,1,財團法人基督教中國主日學協會出版部,戴勞爾‧肯寧,中文,情緒
Gray,IC0001,雅比斯的禱告 – 心靈扎記,1,福音證主協會,魏肯生,中文,祈禱
Gray,IC0002,忙中取靜學禱告,1,校園書房出版社,海波斯,中文,祈禱
Gray,IC0003,代禱的服事,1,以琳書房,慕安得烈著 任炎林譯,中文,祈禱
Gray,IC0004,享受禱告生活,1,褔音證主協會,比爾著 蘇齊冰譯,中文,祈禱
Gray,IC0005,主啊！求祢教我們禱告,1,以勒基金,以勒基金,中文,祈禱
Gray,IC0006,祈禱出來的能力,1,宣道出版社,邦茲著 滕近輝譯,中文,祈禱
Gray,IC0007,有效的禱告,1,大光書房出版部,司布爾著 朱柬譯,中文,祈禱
Gray,IC0008,偉大的心靈禱告,1,褔音證主協會,唐佑之譯,中文,祈禱
Gray,IC0009,禱告叢談,1,褔音證主協會,陶恕著 古樂人譯,中文,祈禱
Gray,IC0010,凡人的祈禱,1,基道出版社,梁家麟著,中文,祈禱
Gray,IC0011,祈禱之難，難在……,2,天道書樓,許大衛,中文,祈禱
Gray,IC0012,飲水能力之源,1,宣道出版社,滕近輝編譯,中文,祈禱
Gray,IC0013,一分鐘禱告,1,保羅文化出版社,荷普‧李達,中文,祈禱
Gray,IC0014,禁食禱告的突破,2,以琳書房,艾莫爾·湯恩斯,中文,祈禱
Gray,IC0015,你也能忙中取靜,2,校園書房出版社,海波斯,中文,祈禱
Gray,IC0016,怎樣做個成熟的禱告人,3,海天書樓出版社,J．鄧宜舒博士,中文,祈禱
Gray,IC0017,慕安德烈靈禱慧語,1,福音證主協會,慕安德烈,中文,祈禱
Gray,IC0018,靈語篇,1,證道出版社,基黛,中文,祈禱
Gray,IE0001,Fraser and Prayer,1,China Island Mission,Mrs JO Fraser,英文,祈禱
Gray,IE0002,Prayer Power Unlimited,1,The Moody Bible Institute of Chicago,John Oswald Sanders,英文,祈禱
Black lines,JC0001,脫俗尋真,1,建道神學院,黎本正,中文,敬拜
Black lines,JC0002,敬拜新視野,1,校園書房出版社,艾榮恩,中文,敬拜
Black lines,JC0003,敬拜人生,1,道聲出版社,夏忠堅,中文,敬拜
Black lines,JC0004,敬拜者的心,1,香港學園傳道會,敬拜者使團,中文,敬拜
Black lines,JC0005,美樂頌,1,浸信會出版社,袁玉麟編,中文,敬拜
,KC0001,大衞-被選立為王,1,道聲出版社,Geoffrey Butcher,中文,兒童(宗教)
,KC0002,挪亞-方舟的故事,1,道聲出版社,Geoffrey Butcher,中文,兒童(宗教)
,KC0003,約瑟-美麗的彩衣,1,道聲出版社,Geoffrey Butcher,中文,兒童(宗教)
,KC0004,馬利亞-耶穌的母親,1,道聲出版社,Geoffrey Butcher,中文,兒童(宗教)
,KC0005,雅各-耶穌的門徒,1,道聲出版社,Geoffrey Butcher,中文,兒童(宗教)
,KC0006,幼兒聖經-第一課,1,純真出版有限公司,Joe D. Stites.,中文,兒童(宗教)
,KC0007,魚腹中的使者,1,香港聖經公會出版,香港聖經公會,中文,兒童(宗教)
,KC0008,奇妙的改變,1,香港聖經公會出版,香港聖經公會,中文,兒童(宗教)
,KC0009,耶穌復活,1,香港聖經公會出版,香港聖經公會,中文,兒童(宗教)
,KC0010,耶穌誕生,1,香港聖經公會出版,香港聖經公會,中文,兒童(宗教)
,KC0011,浪子回家,1,香港聖經公會出版,香港聖經公會,中文,兒童(宗教)
,KE0012,The man who was baptized,1,Bible Society ,Kees de Kort ,英文,兒童(宗教)
,KE0013,Jesus goes to Jerusalem ,1,Bible Society ,Kees de Kort ,英文,兒童(宗教)
,KE0014,Ruth,1,Bible Society ,Kees de Kort ,英文,兒童(宗教)
,KE0015,On the way to the promised land ,1,Bible Society ,Kees de Kort ,英文,兒童(宗教)
,KE0016,My Bible For Preschoolers ,1,Barbour and Company,Ellen W. Caughey,英文,兒童(宗教)
,KE0017,The kind man ,1,Christian Focus Publications,Neil Pinchbeck,英文,兒童(宗教)
,KE0018,Save with the Lion ,1,Christian Focus Publications,Neil Pinchbeck,英文,兒童(宗教)
,KE0019,Issac finds a wife,1,Lion Publishing plc,Penny Frank,英文,兒童(宗教)
,KE0020,Joseph and the king of Egypt,1,Lion Publishing plc,Penny Frank,英文,兒童(宗教)
,KE0021,The battle of Jericho,1,Lion Publishing plc,Penny Frank,英文,兒童(宗教)
,KE0022,Gideon fights for God,1,Lion Publishing plc,Penny Frank,英文,兒童(宗教)
,KE0023,Samson thestrong man ,1,Lion Publishing plc,Penny Frank,英文,兒童(宗教)
,KE0024,Ruth's new family,1,Lion Publishing plc,Penny Frank,英文,兒童(宗教)
,KE0025,David and Goliath,1,Lion Publishing plc,Penny Frank,英文,兒童(宗教)
,KE0026,King Nebuchadnezzar's golden statue,1,Lion Publishing plc,Penny Frank,英文,兒童(宗教)
,KE0027,Daniel in the lion's den,1,Lion Publishing plc,Penny Frank,英文,兒童(宗教)
,KE0028,Queen Esther saves her people,1,Lion Publishing plc,Penny Frank,英文,兒童(宗教)
,KE0029,Nehemiah's greatest day ,1,Lion Publishing plc,Penny Frank,英文,兒童(宗教)
,KE0030,Jonah runs away ,1,Lion Publishing plc,Penny Frank,英文,兒童(宗教)
,KE0031,The first Christmas ,1,Lion Publishing plc,Penny Frank,英文,兒童(宗教)
,KE0032,Jesus the teacher,1,Lion Publishing plc,Penny Frank,英文,兒童(宗教)
,KE0033,The story of the sower ,1,Lion Publishing plc,Penny Frank,英文,兒童(宗教)
,KE0034,The story of the two brothers,1,Lion Publishing plc,Penny Frank,英文,兒童(宗教)
,KE0035,Paul the prisoner,1,Lion Publishing plc,Penny Frank,英文,兒童(宗教)
,KE0036,Moses ,1,Scandinavia Publishing House ,Anne de Greaf,英文,兒童(宗教)
,KE0037,The Gate and the Pot of Paint ,1,Scandinavia Publishing House ,Peter Hellyer,英文,兒童(宗教)
,KE0038,The Car and the Petrol Pump,1,Scandinavia Publishing House ,Peter Hellyer,英文,兒童(宗教)
,KE0039,The Boat and the Compass,1,Scandinavia Publishing House ,Peter Hellyer,英文,兒童(宗教)
,KE0040,The Jug and Tue of Glue ,1,Scandinavia Publishing House ,Peter Hellyer,英文,兒童(宗教)
,KE0041,Talking with God- Sorry,1,Candle Books ,Charlotte Stowell & Gordon Stowell,英文,兒童(宗教)
,KE0042,Talking with God- Please,1,Candle Books ,Charlotte Stowell & Gordon Stowell,英文,兒童(宗教)
,KE0043,Uncle Andy's BIBLE STORIES to see and draw,1,New Kids Media & Baker Book House Company,Andy Holmes ,英文,兒童(宗教)
,KE0044,Uncle Andy's BIBLE STORIES to cut and glue ,1,New Kids Media & Baker Book House Company,Andy Holmes ,英文,兒童(宗教)
,KE0045,Jesus Loves You ,1,David C. Cook Publishing Co.,Elspeth Campbell Murphy,英文,兒童(宗教)
,KE0046,Elijah and the Ravens,1,Paternoster Publishing,Peter Mills,英文,兒童(宗教)
,KE0047,Jonah anf the whale,1,Paternoster Publishing,Peter Mills,英文,兒童(宗教)
,KE0048,Jesus and te Donkey,1,Paternoster Publishing,Peter Mills,英文,兒童(宗教)
,KE0049,An Angel in Need,1,Grandreams Limited ,Grandreams Limited ,英文,兒童(宗教)
,KE0050,The windy Day ,1,Bible Society ,Leslie J Francis and Nicola M Slee,英文,兒童(宗教)
,KE0051,Night Time ,1,Bible Society ,Leslie J Francis and Nicola M Slee,英文,兒童(宗教)
,KE0052,The Sunny Morning ,1,Bible Society ,Leslie J Francis and Nicola M Slee,英文,兒童(宗教)
,KE0053,God made Dinosaurs,1,Standard Publising ,"Heno Head, Jr.",英文,兒童(宗教)
,KE0054,God Made our Bodies ,1,Standard Publising ,"Heno Head, Jr.",英文,兒童(宗教)
,KE0055,Good Habits For God's Kids ,1,Standard Publising ,Laura Derico,英文,兒童(宗教)
,KE0056,Bear obeys,1,Standard Publising ,Dr. Mary Manz Simon,英文,兒童(宗教)
,KE0057,God Made Outer Space ,1,Standard Publising ,"Heno Head, Jr.",英文,兒童(宗教)
,KE0058,The Beginers Bible- Timeless Childrens Stories ,1, Questar Publishers Inc,Karyn Henley,英文,兒童(宗教)
,KE0059,The Crucifixian of Jesus,1,The Bible Society In Australia Inc.,,英文,兒童(宗教)
,KC0060,每週恩言(第一册),1,道聲出版社,李鴻標,中文,兒童(宗教)
,KC0061,每週恩言(第二册),1,道聲出版社,李鴻標,中文,兒童(宗教)
,KE0062,Jesus is Alive,1,The Bible Society In Australia Inc.,,英文,兒童(宗教)
,KE0063,You Are Mine: Illustrations by Sergio Martinez,2,"Crossway Books, a division of Good News Publishers",Max Lucado,英文,兒童(宗教)
,KE0064,The Exodus: Moses' Story form the Bible,1,"Tommy Nelson, Inc",Charles R. Swindoll,英文,兒童(宗教)
,KE0065,Miniam Watches Over Baby Moses: A Story of Faith and Loyalty,1,"Tommy Nelson, Inc",Mary Manz Simon,英文,兒童(宗教)
,KE0066,The Prince of Egypt: A-Z,1,"Tommy Nelson, Inc",Eric Metaxas,英文,兒童(宗教)
,KE0067,D is For Dinosaur: A Rhyme Book and More,1,Master Books,Ken and Mally Ham,英文,兒童(宗教)
,KE0068,A is for Adam: The Gospel from Genesis,1,Master Books,Ken and Mally Ham,英文,兒童(宗教)
,KE0069,The Great Dinosaur Mystery And The Bible,1,Chariot Victor Publishing,Paul S. Taylor,英文,兒童(宗教)
,KE0070,Wait Until Then,1,"Tyndale House Publishers, Inc.",Randy Alcom.,英文,兒童(宗教)
,KE0071,"Daddy, Is there really a God?",1,Master Books,John D. Morris,英文,兒童(宗教)
,KE0072,Skeletons in your Closet,1,Master Books,Gary Parker,英文,兒童(宗教)
,KE0073,Picture Word Bible Stories,1,An Albatross Book,Mary E. Erickson ,英文,兒童(宗教)
,KE0074,Wild & Wacky Totally True Bibles Stories: All About Faith ,1,"Tommy Nelson, Inc",Frank Peretti,英文,兒童(宗教)
,KE0075,Safe This Night- Night time prayers for little children,1,A Lion Book ,Lion Rock & Louise Rawlings,英文,兒童(宗教)
,KE0076,All Year Long- Anytime prayers for little children,1,A Lion Book ,Lion Rock & Louise Rawlings,英文,兒童(宗教)
,KE0077,Sad News Glad News- Easter time prayers for little children,1,A Lion Book ,Lion Rock & Louise Rawlings,英文,兒童(宗教)
,KE0078,Bright Star Night- Christmas time pryers for little children ,1,A Lion Book ,Lion Rock & Louise Rawlings,英文,兒童(宗教)
,KE0079,Detective Dan and the Missing Marble Mystery,1,Zondervan Publishing House,Timothy Roland,英文,兒童(宗教)
,KE0080,Detective Dan and the Puzzling Pizza Mystery,1,Zondervan Publishing House,Timothy Roland,英文,兒童(宗教)
,KE0081,Detective Dan and the Gooey Gumdrop Mystery,1,Zondervan Publishing House,Timothy Roland,英文,兒童(宗教)
,KE0082,Detective Dan and the Flying Frog Mystery,1,Zondervan Publishing House,Timothy Roland,英文,兒童(宗教)
,KE0083,How Strong Is Go?,1,Baker Book House Company,Stuart & Jill Briscoe,英文,兒童(宗教)
,KE0084,Is God Ever Naughty?,2,Baker Book House Company,Stuart & Jill Briscoe,英文,兒童(宗教)
,KE0085,How Much Does God Know?,1,Baker Book House Company,Stuart & Jill Briscoe,英文,兒童(宗教)
,KE0086,The Boy with a Sling ,1,Arch Book- Concoraid Publishing House,Mary Warren ,英文,兒童(宗教)
,KE0087,God's Gift Baby,1,Arch Book- Concoraid Publishing House,La Vonne Neff,英文,兒童(宗教)
,KE0088,Mrs. Rosey-Posey and the Empty Nest ,1,David C. Cook Publishing Co.,Robin Jones Gum ,英文,兒童(宗教)
,KE0089,Trusting God,1,Christian Focus Publications,Carine MacKenzie,英文,兒童(宗教)
,KE0090,The New Kids Book of Bible Passages ,1,New Kids Media & Baker Book House Company,Anne Adams,英文,兒童(宗教)
,KE0091,The New Kids Book of Angel Visits ,1,New Kids Media & Baker Book House Company,Anne Adams,英文,兒童(宗教)
,KE0092,The New Kids Book of Bible People ,1,New Kids Media & Baker Book House Company,Anne Adams,英文,兒童(宗教)
,LB0001,吱吱和呷呷 Chi Chi and Hap Hap ,1,基督教文藝出版社,唐巾雄,中英,兒童(其他)
,LB0002,大白和小白 The Happy Family ,1,基督教文藝出版社,唐巾雄,中英,兒童(其他)
,LB0003,咪咪 MiMi,1,基督教文藝出版社,唐巾雄,中英,兒童(其他)
,LC0004,調皮的小羊,1,新雅文化事業有限公司,江心,中文,兒童(其他)
,LE0005,A day at the Duck Pond ,1, National Parks Foundation of South Ausralia Inc,--,英文,兒童(其他)
,LE0006,Very Busy Barbie ,1," Western Publishing Company, Inc. ",Barbara Slate ,英文,兒童(其他)
,LE0007,Barbie- In the Spotlight,1,"Golden Books Publishing Company, Inc. ",Marie Morreale,英文,兒童(其他)
,LE0008,Barbie & Friends- Radio Girls ,1,"Mattel, Inc.",--,英文,兒童(其他)
,LE0009,Barbie & Friends- London Adventure ,1,"Mattel, Inc.",--,英文,兒童(其他)
,LE0010,Bambi,1,Walt Disney's ,Walt Disney's ,英文,兒童(其他)
,LE0011,The Lion King ,1,Walt Disney's ,Walt Disney's ,英文,兒童(其他)
,LE0012,Hercules,1,Walt Disney's ,Walt Disney's ,英文,兒童(其他)
,LE0013,Aladdin,1,Walt Disney's ,Walt Disney's ,英文,兒童(其他)
,LE0014,Winnie the Pooh and the Honey Tree,1,"Golden Books Publishing Company, Inc. ",Mary Packard,英文,兒童(其他)
,LE0015,"Eeyore, You're te Best ",1,"Golden Books Publishing Company, Inc. ",Ann Braybrooks,英文,兒童(其他)
,LE0016,"Eeyore, Be Happy!",1,"Golden Books Publishing Company, Inc. ",Don Ferguson,英文,兒童(其他)
,LE0017,Phooh and the Dragon ,1,"Golden Books Publishing Company, Inc. ",Ann Braybrooks,英文,兒童(其他)
,LE0018,The Sweetest Christmas ,1,"Golden Books Publishing Company, Inc. ",Ann Braybrooks,英文,兒童(其他)
,LE0019,The Grand and Wonderful Day,1,"Golden Books Publishing Company, Inc. ",Mary Packard,英文,兒童(其他)
,LE0020,abc,1,Ladybird Books ,Margaret Chamberlain,英文,兒童(其他)
,LE0021,Great Civilisations- Egypt,1,Ladybird Books ,--,英文,兒童(其他)
,LE0022,Great Civilisations- Rome,1,Ladybird Books ,--,英文,兒童(其他)
,LE0023,The Cheeky Chimps,1,Ladybird Books ,Mandy Ross,英文,兒童(其他)
,LE0024,Happy Feet Tapping with Mumble,1,Funtastic Ltd,--,英文,兒童(其他)
,LE0025,Green Ceggs and Ham ,1,HarperCollins Publishers Ltd,Dr. Seuss,英文,兒童(其他)
,LE0026,The Cat in The Hat Comes Back ,1,HarperCollins Publishers Ltd,Dr. Seuss,英文,兒童(其他)
,LE0027,The Cat in The Hat ,1,HarperCollins Publishers Ltd,Dr. Seuss,英文,兒童(其他)
,LE0028,Hop on Pop,1,HarperCollins Publishers Ltd,Dr. Seuss,英文,兒童(其他)
,LB0029,Clothes 衣服,1,Eugene International Ltd,Actes Sud Junior ,中英,兒童(其他)
,LC0030,小波遊樂場,1,新雅文化事業有限公司,艾力∙ 希爾,中文,兒童(其他)
,LC0031,小波從1數到10,1,新雅文化事業有限公司,艾力∙ 希爾,中文,兒童(其他)
,LC0032,小波看天氣,1,新雅文化事業有限公司,艾力∙ 希爾,中文,兒童(其他)
,LE0033,Shapes ,1,Emma Books Ltd,Phillp Hawksley,英文,兒童(其他)
,LE0034,Laura Lee and the Little Pine Tree,1,Zondervan Publishing House,Alice Sullivan Finlay,英文,兒童(其他)
,LE0035,A Gift from the Sea for Laura Lee,1,Zondervan Publishing House,Alice Sullivan Finlay,英文,兒童(其他)
,LE0036,Laura Lee and the Monster Sea,1,Zondervan Publishing House,Alice Sullivan Finlay,英文,兒童(其他)
,LE0037,50 ways you can help save the planet,1,Kinsway Publications,Tony Campolo & Gordon Aeschliman,英文,兒童(其他)
,LE0038,Minnie Mysteries- The Flower Prowler,1,"Radom House, Inc.",Disney ,英文,兒童(其他)
,LE0039,Let's Go to the Dairy Fram ,2,"Radom House, Inc.",Disney ,英文,兒童(其他)
,LE0040,Look and Learn- Number ,1,Hinkler Books Pty. Ltd,--,英文,兒童(其他)
,LE0041,When I'm Feeling JEALOUS,1,The Five Mile Press Pty Ltd,Trace Moroney,英文,兒童(其他)
,LE0042,When I'm Feeling SAD,1,The Five Mile Press Pty Ltd,Trace Moroney,英文,兒童(其他)
,LE0043,When I'm Feeling Lonely,1,The Five Mile Press Pty Ltd,Trace Moroney,英文,兒童(其他)
,LE0044,When I'm Feeling Angry ,1,The Five Mile Press Pty Ltd,Trace Moroney,英文,兒童(其他)
,LE0045,Whose Family ,1,ABC Books- Australian Broadcasting Corporation,Jeammette Rowe,英文,兒童(其他)
,LE0046,Tell Me How Opposites ,1,Hinkler Books Pty. Ltd,Van Gool,英文,兒童(其他)
,LE0047,Splish! Splash!,1,Scholastic Inc.,Gail Herman,英文,兒童(其他)
,LE0048,Ilove My Sheep ,1,Peter Haddock Publishing ,Andrew Geeson,英文,兒童(其他)
,LE0049,Greedy Green Dinosaurs,1,Chariot Victor Publishing,Jack Pearson & Terry Julien,英文,兒童(其他)
,LE0050,Shapes ,1,Hinkler Books Pty. Ltd,--,英文,兒童(其他)
,LE0051,What Does P.B. Bear Choose?,1,"DK Publishing, Inc.",Lee Davis,英文,兒童(其他)
,LE0052,Nibble,1,Treehouse Children's Books Ltd.,Andy Keylock,英文,兒童(其他)
,LE0053,Mr. Chatter Box,1,Penguin Books Australia Ltd,Roger Hargreaves,英文,兒童(其他)
,LE0054,Mr. Funny ,1,Reed For Kids Pty Ltd,Roger Hargreaves,英文,兒童(其他)
,LE0055,Mr. Forgetful,1,"Thurman Publishing Ltd.,",Roger Hargreaves,英文,兒童(其他)
,LE0056,Mr. Rush ,1,Penguin Books Australia Ltd,Roger Hargreaves,英文,兒童(其他)
,LE0057,MR. Noisy ,1,Penguin Books Australia Ltd,Roger Hargreaves,英文,兒童(其他)
,LE0058,Mr. Mischief,1,"Thurman Publishing Ltd.,",Roger Hargreaves,英文,兒童(其他)
,LE0059,Mr. Daydream,1,Penguin Group (Australia),Roger Hargreaves,英文,兒童(其他)
,LE0060,Little Miss Wise ,1,Penguin Group (Australia),Roger Hargreaves,英文,兒童(其他)
,LE0061,Mr. Messy,1,Penguin Group (Australia),Roger Hargreaves,英文,兒童(其他)
,LE0062,Little Miss Curious,1,Penguin Group (Australia),Roger Hargreaves,英文,兒童(其他)
,LE0063,Mr. Tickle and the Dragon,1,Penguin Group (Australia),Adam Hargreaves,英文,兒童(其他)
,LE0064,Mr. Noisy and the Giant ,1,Penguin Group (Australia),Adam Hargreaves,英文,兒童(其他)
,LE0065,Little Miss Helpful and the green house ,1,Penguin Group (Australia),Adam Hargreaves,英文,兒童(其他)
,LE0066,Mr. Funny upsets Mr. Fussy,1,Penguin Group (Australia),Adam Hargreaves,英文,兒童(其他)
,LE0067,Mr Birthday,1,Penguin Group (Australia),Adam Hargreaves,英文,兒童(其他)
,LE0068,Goldilocks,1,Hinkler Books Pty. Ltd,Gaby Goldsack,英文,兒童(其他)
,LE0069,Snow White ,1,Hinkler Books Pty. Ltd,Ronne Randall,英文,兒童(其他)
,LE0070,The Three Litle Pigs,1,Hinkler Books Pty. Ltd,Gaby Goldsack,英文,兒童(其他)
,LE0071,Made for a Purpose ,1,The Children's group of Zondervan,Dandi Daley Mackall,英文,兒童(其他)
,LE0072,Winnie the Phooh's Movie Theatre ,1,Funtastic Ltd,--,英文,兒童(其他)
,LE0073,Oscar The Camper ,1,"Crown Publishers, Inc.",M.C. Suigne,英文,兒童(其他)
,LE0074,Oscar On Vacation,1,"Crown Publishers, Inc.",M.C. Suigne,英文,兒童(其他)
,LE0075,Lots of Things To Know,1,The Hamlyn Publishing Group Limited,"Neil Ardley, John Bailie, Rosalind Carreck, Derek Hall, Barbara Leach, Judith Maxwell",英文,兒童(其他)
,LE0076,What Really Happened to the Dinosaurs?,1,Master Books,John Morris & Ken Ham,英文,兒童(其他)
,LE0077,Wildlife Fact File,1,--,--,英文,兒童(其他)
,LE0078,Amazing Magic Tricks ,1,Hodder Children's books Australia ,Dave Brown & Paul Reeve,英文,兒童(其他)
,LE0079,My First Book of Fairytales,1,The Five Mile Press Pty Ltd,Tony Hutchings,英文,兒童(其他)
,LE0080,Deluxe Jigsaw Book,1,Funtastic Ltd,Disney ,英文,兒童(其他)
,LE0081,"Monster Schol- Colours, Shapes and Opposites",1,Ultimate Editions,Sue King,英文,兒童(其他)
,ME0001,Sarah & Paul go back to School,1,Christian Focus Publications,Derek Prime,英文,少年
,ME0002,Sarah & Paul Have a Visitor,1,Christian Focus Publications,Derek Prime,英文,少年
,ME0003,Sarah & Paul go to the Seaside,1,Christian Focus Publications,Derek Prime,英文,少年
,ME0004,Sarah & Paul Make a Scrapbook,1,Christian Focus Publications,Derek Prime,英文,少年
,ME0005,Sarah & Paul go to the Museum,1,Christian Focus Publications,Derek Prime,英文,少年
,ME0006,Sarah & Paul On Holiday Again,1,Christian Focus Publications,Derek Prime,英文,少年
,ME0007,Left Behind: The Vanishings,2,"Tyndale House Publishers, Inc.",Jerry B. Jenkins and Tim LaHaye,英文,少年
,ME0008,Left Behind: Second Chance,1,"Tyndale House Publishers, Inc.",Jerry B. Jenkins and Tim LaHaye,英文,少年
,ME0009,Left Behind: Through the Flames,1,"Tyndale House Publishers, Inc.",Jerry B. Jenkins and Tim LaHaye,英文,少年
,ME0010,Left Behind: Facing the Future,1,"Tyndale House Publishers, Inc.",Jerry B. Jenkins and Tim LaHaye,英文,少年
,ME0011,Left Behind: Nicolae High,1,"Tyndale House Publishers, Inc.",Jerry B. Jenkins and Tim LaHaye,英文,少年
,ME0012,Left Behind: The Underground,1,"Tyndale House Publishers, Inc.",Jerry B. Jenkins and Tim LaHaye,英文,少年
,ME0013,Left Behind: Death at the Gala,1,"Tyndale House Publishers, Inc.",Jerry B. Jenkins and Tim LaHaye,英文,少年
,ME0014,Left Behind: The Beast Arises,1,"Tyndale House Publishers, Inc.",Jerry B. Jenkins and Tim LaHaye,英文,少年
,ME0015,Left Behind: Wildfire,1,"Tyndale House Publishers, Inc.",Jerry B. Jenkins and Tim LaHaye,英文,少年
,ME0016,Left Behind: The Mark of the Beast,1,"Tyndale House Publishers, Inc.",Jerry B. Jenkins and Tim LaHaye,英文,少年
,ME0017,Left Behind: Breakout!,1,"Tyndale House Publishers, Inc.",Jerry B. Jenkins and Tim LaHaye,英文,少年
,ME0018,Left Behind: Murder in the Holy Place,1,"Tyndale House Publishers, Inc.",Jerry B. Jenkins and Tim LaHaye,英文,少年
,ME0019,"Left Behind (Book 1, Volume I)",1,"Tyndale House Publishers, Inc.",Jerry B. Jenkins and Tim LaHaye,英文,少年
,ME0020,"Left Behind (Book 1, Volume II)",1,"Tyndale House Publishers, Inc.",Jerry B. Jenkins and Tim LaHaye,英文,少年
,ME0021,"Left Behind (Book 1, Volume III)",1,"Tyndale House Publishers, Inc.",Jerry B. Jenkins and Tim LaHaye,英文,少年
,ME0022,"Left Behind (Book 1, Volume IV)",1,"Tyndale House Publishers, Inc.",Jerry B. Jenkins and Tim LaHaye,英文,少年
,ME0023,"Left Behind (Book 1, Volume V)",1,"Tyndale House Publishers, Inc.",Jerry B. Jenkins and Tim LaHaye,英文,少年
,ME0024,The Spirit Flyer Series: The Magic Bicycle,1,InterVarsity Press,John Bibee,英文,少年
,ME0025,The Spirit Flyer Series: The Last Christmas,1,InterVarsity Press,John Bibee,英文,少年
,ME0026,The Spirit Flyer Series: The Runaway Parents,1,InterVarsity Press,John Bibee,英文,少年
,ME0027,The Spirit Flyer Series: The Perfect Star,1,InterVarsity Press,John Bibee,英文,少年
,ME0028,The Spirit Flyer Series: The Journey of Wishes,1,InterVarsity Press,John Bibee,英文,少年
,ME0029,Astro Kids: The Great Galaxy Goof,2,Bethany House Publishers,Robert Elmer,英文,少年
,ME0030,Astro Kids: The Zero-G Headache,1,Bethany House Publishers,Robert Elmer,英文,少年
,ME0031,Astro Kids: Wired Wonder Woof,1,Bethany House Publishers,Robert Elmer,英文,少年
,ME0032,Astro Kids: Miko's Muzzy Mess,1,Bethany House Publishers,Robert Elmer,英文,少年
,ME0033,Astro Kids: About-Face Space Race,1,Bethany House Publishers,Robert Elmer,英文,少年
,ME0034,Danger Lies Ahead,1,"Tyndale House Publishers, Inc.",Paul McCusker,英文,少年
,ME0035,Strange Journey Back,1,"Tyndale House Publishers, Inc.",Paul McCusker,英文,少年
,ME0036,Sophie's World,1,Zonderkidz,Nancy Rue,英文,少年
,ME0037,Sophie's Secret,1,Zonderkidz,Nancy Rue,英文,少年
,ME0038,Odyssey: The Last Days of Eugene Meltsner,1,"Tyndale House Publishers, Inc.",Marshal Younger,英文,少年
,ME0039,Odyssey: Escape from the Forbidden Matrix,1,"Tyndale House Publishers, Inc.",Marshal Younger,英文,少年
,ME0040,Odyssey: The Caves of Qumran,1,"Tyndale House Publishers, Inc.",Marshal Younger,英文,少年
,ME0041,The Door in the Dragon's Throat,1,Crossway Books,Frank E. Peretti,英文,少年
,ME0042,Trapped at the Bottom of the Sea,1,Crossway Books,Frank E. Peretti,英文,少年
,ME0043,The Ghost of KRZY,1,Bethany House Publishers,Bill Myers,英文,少年
,ME0044,The Mystery of the Invisible KnightMinds,1,Bethany House Publishers,Bill Myers,英文,少年
,ME0045,Phanton of the Haunted Church,1,Bethany House Publishers,Bill Myers,英文,少年
,ME0046,Invasion of the UFOs,1,Bethany House Publishers,Bill Myers,英文,少年
,ME0047,Fangs for the Memories,1,Bethany House Publishers,Bill Myers,英文,少年
,ME0048,The Case of the Missig Minds,1,Bethany House Publishers,Bill Myers,英文,少年
,ME0049,The Nikki Sheridan Series: Choice Summer,1,Bethany House Publishers,Shirley Brinkerhoff,英文,少年
,ME0050,The Nikki Sheridan Series: Mysterious Love,1,Bethany House Publishers,Shirley Brinkerhoff,英文,少年
,ME0051,The Nikki Sheridan Series: Narrow Walk,1,Bethany House Publishers,Shirley Brinkerhoff,英文,少年
,ME0052,The Nikki Sheridan Series: Balancing Act,1,Bethany House Publishers,Shirley Brinkerhoff,英文,少年
,ME0053,Narnia: The Magician's Nephew,1,Grafton,C.S.Lewis,英文,少年
,ME0054,"Narnia: The Lion, the Witch and the Wardrobe",1,Grafton,C.S.Lewis,英文,少年
,ME0055,Narnia: The Horse and His Boy,1,Grafton,C.S.Lewis,英文,少年
,ME0056,Narnia: Prince Caspian,1,Grafton,C.S.Lewis,英文,少年
,ME0057,Narnia: The Voyage of the Dawn Treader,1,Grafton,C.S.Lewis,英文,少年
,ME0058,Narnia: The Silver Chair,1,Grafton,C.S.Lewis,英文,少年
,ME0059,Narnia: The Last Battle,1,Grafton,C.S.Lewis,英文,少年
,ME0060,Narnia: The Magician's Nephew,1,Fontana.Lion,C.S.Lewis,英文,少年
,ME0061,"Narnia: The Lion, the Witch and the Wardrobe",1,Fontana.Lion,C.S.Lewis,英文,少年
,ME0062,Narnia: The Horse and His Boy,1,Fontana.Lion,C.S.Lewis,英文,少年
,ME0063,Narnia: Prince Caspian,1,Fontana.Lion,C.S.Lewis,英文,少年
,ME0064,Narnia: The Voyage of the Dawn Treader,1,Fontana.Lion,C.S.Lewis,英文,少年
,ME0065,Narnia: The Silver Chair,1,Fontana.Lion,C.S.Lewis,英文,少年
,ME0066,Narnia: The Last Battle,1,Fontana.Lion,C.S.Lewis,英文,少年
,ME0067,How God Used A Thunderstorm,1,Christian Focus Publications,J.R.Beeke and D.Kleyn,英文,少年
,ME0068,How God Stopped The Pirates,1,Christian Focus Publications,J.R.Beeke and D.Kleyn,英文,少年
,ME0069,How God Used A Snowdrift,1,Christian Focus Publications,J.R.Beeke and D.Kleyn,英文,少年
,ME0070,How God Used A Drought And An Umbrella,1,Christian Focus Publications,J.R.Beeke and D.Kleyn,英文,少年
,ME0071,How God Sent A Dog To Save A Family,1,Christian Focus Publications,J.R.Beeke and D.Kleyn,英文,少年
,ME0072,The Legend Of Annie Murphy,1,"Thomas Nelson, Inc.",Frank Peretti,英文,少年
,ME0073,The Secret Of The Desert Stone,1,"Thomas Nelson, Inc.",Frank Peretti,英文,少年
,ME0074,The Deadly Curse Of Toco-Rey,1,"Thomas Nelson, Inc.",Frank Peretti,英文,少年
,ME0075,Touched By An Angel: A Delicate Balance,1,"Thomas Nelson, Inc.",Monica Hall,英文,少年
,ME0076,Touched By An Angel: How Do You Spell Faith?,1,"Thomas Nelson, Inc.",Monica Hall,英文,少年
,ME0077,Touched By An Angel: Doodlebugs,1,"Thomas Nelson, Inc.",Monica Hall,英文,少年
,ME0078,Touched By An Angel: Have You Seen Me?,1,"Thomas Nelson, Inc.",Monica Hall,英文,少年
,ME0079,D.J.Dillon: Escape Down the Raging Rapids,1,Victor Books,Lee Roddy,英文,少年
,ME0080,"D.J.Dillon: Dooger, The Grasshopper Hound",1,Victor Books,Lee Roddy,英文,少年
,ME0081,Don't Count On Homecoming Queen,1,WaterBrook Press,Nancy Rue,英文,少年
,ME0082,"""B"" Is For Bad At Getting Into Harvard",1,WaterBrook Press,Nancy Rue,英文,少年
,ME0083,I Only Binge On Holy Hungers,1,WaterBrook Press,Nancy Rue,英文,少年
,ME0084,Do I Have To Paint You A Picture?,1,WaterBrook Press,Nancy Rue,英文,少年
,ME0085,Kayla O'brian And The Dangerous Journey,1,Crossway Books,Hilda Stahl,英文,少年
,ME0086,Kayla O'brian Trouble At Bitter Creek Ranch,1,Crossway Books,Hilda Stahl,英文,少年
,ME0087,Kayla O'brian And The Runaway Orphans,1,Crossway Books,Hilda Stahl,英文,少年
,ME0088,The Unexpected Weapon,1,Baker Books,Connie Griffith,英文,少年
,ME0089,Surprise At Logan School,1,Baker Books,Connie Griffith,英文,少年
,ME0090,Secret Behind Locked Doors,1,Baker Books,Connie Griffith,英文,少年
,ME0091,Mysterious Rescuer,1,Baker Books,Connie Griffith,英文,少年
,ME0092,The Shocking Discovery,1,Baker Books,Connie Griffith,英文,少年
,ME0093,Deadly Expedition,1,Cook Cummunication Ministries,Jeanne Gowen Dennis and Sheila Seifert,英文,少年
,ME0094,Joni's Story,1,Zondervan Publishing House,Joni Eareckson Tada,英文,少年
,ME0095,Secret Summer Dreams,1,Zondervan Publishing House,Beverly Lewis,英文,少年
,ME0096,Emil and the Detectives,1,Longman Group Limited,Erich Kastner,英文,少年
,ME0097,Phoebe's Fortune,1,Scripture Union,Kathy Lee,英文,少年
,ME0098,Tree Fort Wars,1,Chariot Books',Mark R. Littleton,英文,少年
,ME0099,Trouble Down The Creek,1,Chariot Books',Mark R. Littleton,英文,少年
,ME0100,The Accidental Detectives: Short Cuts,1,Victor Books,Sigmund Brouwer,英文,少年
,ME0101,The Downtown Desperadoes,1,Victor Books,Sigmund Brouwer,英文,少年
,ME0102,Ben Carson,1,Zondervan Publishing House,Ben Carson,英文,少年
,ME0103,Canyon Qvest: The Exciting Start of the Last Chance Detectives,1,"Tyndale House Publishers, Inc.",Jim Ware,英文,少年
,ME0104,The Ancient machine,1,Multimedia Interface Pty. Ltd.,Justyn Walker,英文,少年
,ME0105,Ten Boys Who Made History,1,Christian Focus Publications,Irene Howat,英文,少年
,ME0106,The Storyteller,1,Christian Focus Publications,Derick Bingham,英文,少年
,ME0107,Martin's Last Chance,1,Christian Focus Publications,Heidi Schmidt,英文,少年
,ME0108,A Voice In The Dark,1,Christian Focus Publications,Catherine MacKenzie,英文,少年
,ME0109,Paul the leader,1,Kingsway Publlications Ltd,J. Oswald Sanders,英文,少年
,ME0110,Good for Kate,1,John Hunt Publishing Ltd,Veronica Heley,英文,少年
,ME0111,Chronicles of Faith: Elijah,1,"Barbour Publishing, Inc.",Susan Martins Miller,英文,少年
,,,,,,,
,,,,,,,
,,,,,,,
, ,,,,,,
